hash,model.output_activation,training.optimizer.lr,training.batch_size,n,n_ok,n_diverged,train.loss_mean,train.loss_std,train.loss_min,train.loss_max,train.mse_mean,train.mse_std,train.mse_min,train.mse_max,train.mae_mean,train.mae_std,train.mae_min,train.mae_max,train.rmse_mean,train.rmse_std,train.rmse_min,train.rmse_max,best_epoch_mean,best_epoch_std,best_epoch_min,best_epoch_max,epochs_trained_mean,epochs_trained_std,epochs_trained_min,epochs_trained_max,time_total_s_mean,time_total_s_std,time_total_s_min,time_total_s_max,s_per_epoch_mean,s_per_epoch_std,s_per_epoch_min,s_per_epoch_max,n_params_mean,n_params_std,n_params_min,n_params_max
00b4a3b4,sigmoid,0.01,,5,5,0,0.07693047906483372,0.02789873446205909,0.044468209934214104,0.12057984390770955,0.07693047906483372,0.02789873446205909,0.044468209934214104,0.12057984390770955,0.20551714914373087,0.04132607661443264,0.15823484489668857,0.27030030054942683,0.27381200826181523,0.04946543232987766,0.21087486795304486,0.3472460855181949,500.0,0.0,500,500,500.0,0.0,500,500,0.4103162573999725,0.005058060230325542,0.40269889299815986,0.4157877840043511,0.000820632514799945,1.0116120460651105e-05,0.0008053977859963197,0.0008315755680087022,10.0,0.0,10,10
05f282d5,sigmoid,0.0001,,5,5,0,0.20586231609839759,0.07511814024574602,0.13049657456423522,0.32500016105181406,0.20586231609839759,0.07511814024574602,0.13049657456423522,0.32500016105181406,0.3616377554579645,0.08088596711615209,0.27349637817543687,0.4849062037120722,0.44802289967847087,0.08013892205174387,0.36124309621671,0.5700878538013365,500.0,0.0,500,500,500.0,0.0,500,500,0.652999860199634,0.22662266845800752,0.40452246999484487,0.8297978539994801,0.001305999720399268,0.000453245336916015,0.0008090449399896897,0.0016595957079989603,10.0,0.0,10,10
19e099c2,sigmoid,0.0001,1.0,5,5,0,0.01086791529715634,6.753582590298868e-10,0.010867914563678673,0.010867916035384806,0.01086791529715634,6.753582590298868e-10,0.010867914563678673,0.010867916035384806,0.07613092830296309,1.2243049288488724e-06,0.07612945120101001,0.07613246104978218,0.10424929398876681,3.239150267371444e-09,0.10424929047086447,0.10424929752945487,500.0,0.0,500,500,500.0,0.0,500,500,185.05626455919992,65.38954431702471,144.16240152099635,298.499000374999,0.37011252911839987,0.1307790886340494,0.2883248030419927,0.596998000749998,10.0,0.0,10,10
348b1c6e,sigmoid,0.1,1.0,5,5,0,0.012675208483155505,0.0010468203627925063,0.011892743777226196,0.014449471192914022,0.012675208483155505,0.0010468203627925063,0.011892743777226196,0.014449471192914022,0.08131336000532612,0.0028927547472697253,0.07870645979291571,0.08572093405722847,0.11251031233168633,0.004560441615388854,0.10905385723222355,0.1202059532340808,500.0,0.0,500,500,500.0,0.0,500,500,142.23549602480344,14.411203202555093,134.95720407100453,167.94348191700556,0.28447099204960685,0.028822406405110187,0.26991440814200907,0.3358869638340111,10.0,0.0,10,10
349ba399,identity,0.01,1.0,5,5,0,0.040433935529515894,0.02324052522216435,0.028520393082635386,0.08188412617216491,0.040433935529515894,0.02324052522216435,0.028520393082635386,0.08188412617216491,0.15494819671913174,0.044523594188742216,0.12821042180618114,0.23303885981881703,0.19589918272081092,0.05071298821350205,0.16887981845867606,0.28615402525941325,500.0,0.0,500,500,500.0,0.0,500,500,96.47274676160013,13.629086604869835,83.19644971100206,118.0093302230016,0.19294549352320028,0.027258173209739677,0.1663928994220041,0.2360186604460032,10.0,0.0,10,10
559f2371,identity,0.1,1.0,5,0,5,inf,,inf,inf,inf,,inf,inf,1.1119834339861998e+263,inf,1.2295191210759758e+247,5.554443215641332e+263,inf,,inf,inf,2.0,0.0,2,2,2.0,0.0,2,2,0.3423555513989413,0.01115946321138418,0.3327226119945408,0.35713859499810496,0.17117777569947065,0.00557973160569209,0.1663613059972704,0.17856929749905248,10.0,0.0,10,10
5d05cd8d,sigmoid,0.001,1.0,5,5,0,0.010869725846139346,6.707268599821036e-07,0.010868832875105807,0.010870365829863735,0.010869725846139346,6.707268599821036e-07,0.010868832875105807,0.010870365829863735,0.07614321688227746,3.8169886938175864e-05,0.07608547664641836,0.07618325652995801,0.10425797733440682,3.2166864959069197e-06,0.10425369477915786,0.10426104656037045,500.0,0.0,500,500,500.0,0.0,500,500,162.80788740299903,28.703776192912642,136.41593576199375,206.30017730200052,0.3256157748059981,0.057407552385825254,0.2728318715239875,0.412600354604001,10.0,0.0,10,10
75526309,identity,0.01,,5,5,0,0.02605851746237813,5.290315186562531e-07,0.026057769004871636,0.026059043290748117,0.02605851746237813,5.290315186562531e-07,0.026057769004871636,0.026059043290748117,0.12952030153515098,2.7725201926376956e-05,0.12947894061461465,0.12955185437905412,0.1614265079230486,1.6386172914197023e-06,0.1614241896522068,0.16142813661424738,500.0,0.0,500,500,500.0,0.0,500,500,0.2612394502008101,0.00312845973663855,0.256699049998133,0.26523027200164506,0.0005224789004016202,6.2569194732771195e-06,0.0005133980999962659,0.0005304605440032901,10.0,0.0,10,10
87d7ba2a,sigmoid,0.001,,5,5,0,0.19154727676990266,0.07271708259393511,0.12501471857384786,0.3108627457557303,0.19154727676990266,0.07271708259393511,0.12501471857384786,0.3108627457557303,0.34609653342878666,0.07911267029498227,0.26687054896542634,0.47162010188162434,0.431904295081023,0.07910401902295522,0.35357420518732396,0.55755066653689,500.0,0.0,500,500,500.0,0.0,500,500,0.4054141027998412,0.0045383268308604495,0.39837403199635446,0.4106703190045664,0.0008108282055996823,9.076653661720857e-06,0.0007967480639927089,0.0008213406380091328,10.0,0.0,10,10
8e3547e7,identity,0.001,,5,5,0,0.3234347231989399,0.04008470271069693,0.2844942534231201,0.38287657827376786,0.3234347231989399,0.04008470271069693,0.2844942534231201,0.38287657827376786,0.4452389089509435,0.032440962072200444,0.41514529824411406,0.4956571590380681,0.5678569671489269,0.03487814608323035,0.5333800272067938,0.6187702144364804,500.0,0.0,500,500,500.0,0.0,500,500,0.2613047789986013,0.004566318275607969,0.25668460199813126,0.26849726799991913,0.0005226095579972025,9.132636551215963e-06,0.0005133692039962625,0.0005369945359998382,10.0,0.0,10,10
b303d3d7,sigmoid,0.1,,5,5,0,0.010976018195701792,8.08599105604159e-05,0.010869539125194786,0.011059418737946611,0.010976018195701792,8.08599105604159e-05,0.010869539125194786,0.011059418737946611,0.07741690662856596,0.0008694455877825045,0.07624355350275051,0.07832576431316236,0.1047659245427286,0.00038608679252545553,0.10425708189468372,0.10516377103331076,500.0,0.0,500,500,500.0,0.0,500,500,0.4001678699991317,0.0013240740275793613,0.3982909459955408,0.40197122099925764,0.0008003357399982633,2.6481480551586976e-06,0.0007965818919910817,0.0008039424419985152,10.0,0.0,10,10
bf2d4d39,identity,0.0001,,5,5,0,1.6752477579829173,0.4335607854325796,1.2816232622103254,2.2401611193218995,1.6752477579829173,0.4335607854325796,1.2816232622103254,2.2401611193218995,1.0012985614846999,0.1345127701361731,0.8778938424359957,1.177789693261279,1.2858526788830205,0.16519173024200262,1.1320880099225172,1.4967167799292889,500.0,0.0,500,500,500.0,0.0,500,500,0.43172631400084355,0.13501621486132107,0.2762129660040955,0.5493938790023094,0.0008634526280016871,0.00027003242972264215,0.000552425932008191,0.0010987877580046189,10.0,0.0,10,10
c663c654,identity,0.001,1.0,5,5,0,0.026325930324751716,0.00022030521977744848,0.02614156060325035,0.026681009449576888,0.026325930324751716,0.00022030521977744848,0.02614156060325035,0.026681009449576888,0.13040078154038381,0.0015064552798783899,0.12929352941964925,0.13302036897008218,0.16225154168101052,0.0006778153205533806,0.1616835198876198,0.16334322590660713,500.0,0.0,500,500,500.0,0.0,500,500,119.86438735400006,33.21617035637746,81.4927034420034,148.24285222899925,0.23972877470800014,0.06643234071275492,0.1629854068840068,0.2964857044579985,10.0,0.0,10,10
dc0ffca8,identity,0.0001,1.0,5,5,0,0.026061905156914134,1.1367817314866647e-06,0.02606079347632573,0.026063539929265515,0.026061905156914134,1.1367817314866647e-06,0.02606079347632573,0.026063539929265515,0.1295076625396266,0.00014392575389298552,0.1293947255154274,0.1297057991819346,0.16143700055129015,3.5208089401703956e-06,0.16143355746661142,0.16144206369241418,500.0,0.0,500,500,500.0,0.0,500,500,139.56964635619806,60.18164128053201,87.59938667999813,240.71942241199577,0.2791392927123961,0.120363282561064,0.17519877335999626,0.4814388448239915,10.0,0.0,10,10
e3f64afb,sigmoid,0.01,1.0,5,5,0,0.01097635803303059,5.9964220017079775e-05,0.010924147431166407,0.011061961394641428,0.01097635803303059,5.9964220017079775e-05,0.010924147431166407,0.011061961394641428,0.07650264251480536,0.0004675533625118355,0.07592180108380747,0.07711697731098206,0.1047678032821004,0.00028598180384756727,0.10451864633244351,0.10517585937201288,500.0,0.0,500,500,500.0,0.0,500,500,142.73989501820034,11.326383155004807,136.43412959499983,162.88160714999685,0.28547979003640067,0.022652766310009613,0.2728682591899997,0.3257632142999937,10.0,0.0,10,10
ff229418,identity,0.1,,5,5,0,0.026057397274262012,0.0,0.026057397274262012,0.026057397274262012,0.026057397274262012,0.0,0.026057397274262012,0.026057397274262012,0.12950155846758335,0.0,0.12950155846758335,0.12950155846758335,0.16142303823885243,0.0,0.16142303823885243,0.16142303823885243,500.0,0.0,500,500,500.0,0.0,500,500,0.28257478220039045,0.004367424197275009,0.27772245300002396,0.28832761199737433,0.0005651495644007809,8.734848394550032e-06,0.0005554449060000479,0.0005766552239947487,10.0,0.0,10,10
