hash,model.beta,dataset.normalize,n,n_ok,n_diverged,train.loss_mean,train.loss_std,train.loss_min,train.loss_max,train.mse_mean,train.mse_std,train.mse_min,train.mse_max,train.mae_mean,train.mae_std,train.mae_min,train.mae_max,train.rmse_mean,train.rmse_std,train.rmse_min,train.rmse_max,best_epoch_mean,best_epoch_std,best_epoch_min,best_epoch_max,epochs_trained_mean,epochs_trained_std,epochs_trained_min,epochs_trained_max,time_total_s_mean,time_total_s_std,time_total_s_min,time_total_s_max,s_per_epoch_mean,s_per_epoch_std,s_per_epoch_min,s_per_epoch_max,n_params_mean,n_params_std,n_params_min,n_params_max
0781cce4,2.0,zscore,5,5,0,0.010964191506742035,1.4078317809439194e-05,0.010954765799925536,0.010987324008262673,0.010964191506742035,1.4078317809439194e-05,0.010954765799925536,0.010987324008262673,0.07629038856737591,0.00020179972929980358,0.07601855485911375,0.07647862636882155,0.10471001811421136,6.720550164271781e-05,0.1046650170779403,0.10482043697801814,500.0,0.0,500,500,500.0,0.0,500,500,0.5009694353997475,0.022299155937199975,0.46235674299896345,0.5199697330008348,0.001001938870799495,4.459831187439997e-05,0.0009247134859979269,0.0010399394660016697,7.0,0.0,7,7
0e2ef891,0.5,none,5,5,0,0.28179408120376975,0.14163796554027963,0.12422194433588118,0.42465434073526787,0.28179408120376975,0.14163796554027963,0.12422194433588118,0.42465434073526787,0.43421851388533267,0.14181281914545313,0.27629587159385605,0.5772212355439581,0.5161880162261718,0.13849193617436287,0.3524513361244091,0.6516550780399611,500.0,0.0,500,500,500.0,0.0,500,500,0.7929577488004724,0.11014654821889655,0.6212090230001195,0.8804766640005255,0.0015859154976009446,0.00022029309643779312,0.001242418046000239,0.001760953328001051,7.0,0.0,7,7
488a65ee,1.0,none,5,5,0,0.2894834460589203,0.13171594555526192,0.15800860246121703,0.4246541286052573,0.2894834460589203,0.13171594555526192,0.15800860246121703,0.4246541286052573,0.4420074603102484,0.13175358059248782,0.31052340044288845,0.5772163598861817,0.526336864183129,0.1247645355298871,0.39750295905969935,0.6516549152774476,500.0,0.0,500,500,500.0,0.0,500,500,0.7501508111996372,0.07444086174573038,0.6905111629985186,0.8330838040001254,0.0015003016223992746,0.00014888172349146082,0.001381022325997037,0.0016661676080002507,7.0,0.0,7,7
7f93edb3,4.0,none,5,5,0,0.2939471730632936,0.12618380983078928,0.16932482603793367,0.42465411177025864,0.2939471730632936,0.12618380983078928,0.16932482603793367,0.42465411177025864,0.4465102523465613,0.1261856582889964,0.32188515293499353,0.5772146602666667,0.5318318652706123,0.11780301431879198,0.41149097929108197,0.6516549023603356,500.0,0.0,500,500,500.0,0.0,500,500,0.5119842450003489,0.06999060954420733,0.4228316000007908,0.586616401998981,0.0010239684900006977,0.00013998121908841471,0.0008456632000015816,0.0011732328039979621,7.0,0.0,7,7
afa091fd,2.0,none,5,5,0,0.28969109154800043,0.13146492046250527,0.158264558590556,0.42465411177025864,0.28969109154800043,0.13146492046250527,0.158264558590556,0.42465411177025864,0.4422447841128315,0.1314696935579364,0.3108079866456531,0.5772146602666667,0.5265941352447288,0.12444731954654954,0.3978247837811968,0.6516549023603356,500.0,0.0,500,500,500.0,0.0,500,500,0.7248304668002674,0.08162582673785121,0.6353244720012299,0.8265283900000213,0.001449660933600535,0.0001632516534757024,0.0012706489440024598,0.0016530567800000426,7.0,0.0,7,7
c283c2ef,0.5,zscore,5,5,0,0.014468861185545518,0.0016153030554776774,0.012035744826326595,0.016318195307325513,0.014468861185545518,0.0016153030554776774,0.012035744826326595,0.016318195307325513,0.09310256472668445,0.00621608202190724,0.08401912717966331,0.10022466310721435,0.1201318696078367,0.006818640816837596,0.10970754224904775,0.12774269179614745,500.0,0.0,500,500,500.0,0.0,500,500,0.4581502452005225,0.03513299302977802,0.4015083140002389,0.4966885390003881,0.0009163004904010449,7.026598605955602e-05,0.0008030166280004778,0.0009933770780007763,7.0,0.0,7,7
d37bebb1,0.25,none,5,5,0,0.2755182771032758,0.14866322147727024,0.12155975809095365,0.4246550241909922,0.2755182771032758,0.14866322147727024,0.12155975809095365,0.4246550241909922,0.42775925165481843,0.1490721555124833,0.2729282477663013,0.5772302862838401,0.5079972230949932,0.14772059111313646,0.34865420991428403,0.6516556024396569,500.0,0.0,500,500,500.0,0.0,500,500,0.5294163636004668,0.1360648157897717,0.41525351100062835,0.7648904510006105,0.0010588327272009336,0.0002721296315795434,0.0008305070220012567,0.001529780902001221,7.0,0.0,7,7
e24555a2,0.25,zscore,5,5,0,0.026080779897787076,0.0034222321321974456,0.020814087994678872,0.028812508891452586,0.026080779897787076,0.0034222321321974456,0.020814087994678872,0.028812508891452586,0.13416084871160758,0.008674063384780224,0.12158340390445893,0.1420471950125656,0.16120195939933443,0.010880497667984265,0.14427088408503938,0.16974247815868773,500.0,0.0,500,500,500.0,0.0,500,500,0.4504003002006357,0.03267139764325513,0.42047480100154644,0.5036555410006258,0.0009008006004012712,6.534279528651023e-05,0.0008409496020030929,0.0010073110820012516,7.0,0.0,7,7
e66d4096,1.0,zscore,5,5,0,0.011071483353660688,0.00011120244863826889,0.010979182686790996,0.011236576506652031,0.011071483353660688,0.00011120244863826889,0.010979182686790996,0.011236576506652031,0.07755243088324527,0.0012722309090709137,0.0759792518071689,0.07918094914489167,0.10522005815564228,0.0005276307704525639,0.10478159517201004,0.10600271933611907,500.0,0.0,500,500,500.0,0.0,500,500,0.5563134788000752,0.036817151076943326,0.5125985579998087,0.6108589310006209,0.0011126269576001505,7.363430215388673e-05,0.0010251971159996173,0.0012217178620012419,7.0,0.0,7,7
f385634f,4.0,zscore,5,5,0,0.010955884310776588,2.5025814131215973e-06,0.010954765120176126,0.01096036106450376,0.010955884310776588,2.5025814131215973e-06,0.010954765120176126,0.01096036106450376,0.07641461578669496,9.52884482921333e-05,0.0762441587266703,0.07645733287689178,0.10467035968441314,1.1953669182650868e-05,0.10466501383067853,0.1046917430579115,500.0,0.0,500,500,500.0,0.0,500,500,0.493862453600741,0.040090157073331835,0.4554358850000426,0.5519615420016635,0.000987724907201482,8.018031414666377e-05,0.0009108717700000852,0.001103923084003327,7.0,0.0,7,7
