hash,optimizer,lr,arch,aug,activation,n_params,val_acc_mean,train_acc_mean,epochs_mean,recall_digit_mean,recall_0_mean,recall_1_mean,recall_2_mean,recall_3_mean,recall_4_mean,recall_5_mean,recall_6_mean,recall_7_mean,recall_8_mean,recall_9_mean,val_acc_std,train_acc_std,epochs_std,recall_digit_std,recall_0_std,recall_1_std,recall_2_std,recall_3_std,recall_4_std,recall_5_std,recall_6_std,recall_7_std,recall_8_std,recall_9_std,n_seeds
fcdee1d5,adam,0.0003,"[256, 128]",2,tanh,235146,98.68808567603749,99.785788399103,148.0,96.91358024691358,98.9864864864865,98.51632047477744,98.8814317673378,98.69281045751633,98.40182648401826,96.91358024691358,99.2117117117117,98.93503727369541,0.0,98.2102908277405,0.3415622710086574,0.1452792075122022,40.11234224026316,2.828750428985092,0.5851522998543518,0.8902077151335313,0.6985456374047363,1.1782847305437911,0.39544538985591016,2.828750428985092,0.39010153323623553,0.3689139100253181,0.0,0.6985456374047431,3
d9bab1a8,gd,1.0,"[256, 128]",2,tanh,235146,98.62115127175367,99.58496502326204,154.33333333333334,94.44444444444444,99.43693693693695,99.0108803165183,98.43400447427292,98.91067538126363,97.94520547945206,94.44444444444444,99.09909909909909,98.93503727369541,0.0,97.87472035794184,0.3731555519348429,0.08116180107093993,29.14332399252586,3.2075014954979135,0.5160558215040356,0.4532715820925565,0.6985456374047405,0.18867655855870671,1.1863361695677221,3.2075014954979135,0.3901015332362324,0.4880272305597226,0.0,1.3561919074924094,3
3df39fc1,rmsprop,0.0003,"[256, 128]",2,tanh,235146,98.59437751004016,99.66864142986243,152.0,96.2962962962963,99.32432432432432,98.61523244312563,98.54586129753915,98.69281045751633,98.74429223744293,96.2962962962963,98.76126126126125,98.40255591054313,0.0,98.09843400447427,0.20868082018902806,0.27899275006426383,39.153543900903784,1.8518518518518583,0.8938349023866881,0.4532715820925705,0.5125923596147429,1.7292492229180296,0.5231250793328514,1.8518518518518583,0.1950507666181193,0.5533708650379854,0.0,0.7749668042813762,3
1fc21cf2,rmsprop,0.001,[256],1,tanh,203530,98.52744310575638,99.87615891823141,107.0,93.82716049382715,99.32432432432432,99.30761622156281,98.32214765100672,98.91067538126362,98.40182648401827,93.82716049382715,98.9864864864865,98.29605963791268,0.0,97.42729306487696,0.22118757218017243,0.07123806491211518,24.979991993593593,2.828750428985082,0.3378378378378386,0.17132055465567636,0.6711409395973185,0.8224220517724146,0.5231250793328583,2.828750428985082,0.5851522998543518,0.6650690094140971,0.0,0.6985456374047392,3
363c6c84,momentum,0.1,"[256, 128]",2,tanh,235146,98.48728246318608,99.50463567292566,139.33333333333334,95.06172839506173,99.2117117117117,98.61523244312563,98.32214765100672,98.69281045751633,97.94520547945206,95.06172839506173,99.2117117117117,98.5090521831736,0.0,97.98657718120806,0.41217682244553105,0.08772863689179916,13.428824718989128,3.854937036048396,0.8502065805485116,0.17132055465566814,0.581225103211026,1.1320593513522137,0.6849315068493098,3.854937036048396,0.1950507666181162,1.2095651428754604,0.0,1.0067114093959724,3
5e6f2585,rmsprop,0.001,"[256, 128]",1,tanh,235146,98.48728246318608,99.8293001305352,85.66666666666667,91.35802469135803,99.32432432432432,98.7141444114738,98.43400447427295,98.58387799564271,98.51598173515981,91.35802469135803,98.64864864864865,98.61554845580405,0.0,98.32214765100672,0.18109436758325614,0.18323413586599602,36.018513757973594,1.0691671651659702,0.5851522998543518,0.3426411093113465,0.7749668042813762,0.822422051772416,0.19772269492794942,1.0691671651659702,0.3378378378378386,1.0270128605956284,0.0,0.581225103211026,3
554afc76,adam,0.0003,[256],1,tanh,203530,98.44712182061579,99.92301770592763,145.0,95.06172839506172,99.32432432432432,99.10979228486649,98.43400447427292,98.47494553376907,98.40182648401827,95.06172839506172,98.87387387387388,97.97657082002131,0.0,97.53914988814317,0.32708947049185705,0.0380152515031635,17.08800749063506,1.0691671651659702,0.5851522998543518,0.29673590504451397,0.19374170107035227,0.4991912521738475,0.19772269492794636,1.0691671651659702,0.5160558215040392,0.48802723055973146,0.0,1.6553298195692003,3
5bf06ea4,adam,0.001,[256],2,tanh,203530,98.43373493975905,99.3439769722529,83.66666666666667,95.67901234567903,98.9864864864865,98.41740850642928,98.32214765100672,98.91067538126362,98.63013698630137,95.67901234567903,99.09909909909909,98.18956336528221,0.0,97.42729306487695,0.3680783690727589,0.1470039914047497,24.02776172125347,2.8287504289850895,0.3378378378378386,0.34264110931134245,0.5812251032110363,0.6802830063614778,0.34246575342465846,2.8287504289850895,0.39010153323623553,0.4880272305597191,0.0,1.513171057994262,3
5a9494c4,rmsprop,0.001,[256],2,tanh,203530,98.43373493975905,99.32054757840478,90.66666666666667,95.06172839506172,98.9864864864865,98.81305637982196,98.43400447427292,98.58387799564271,98.17351598173515,95.06172839506172,98.76126126126125,98.5090521831736,0.0,97.7628635346756,0.21251014546703265,0.24105777126258351,15.821925715074421,2.1383343303319404,1.0135135135135158,0.29673590504451397,0.5125923596147479,0.4991912521738498,0.5231250793328576,2.1383343303319404,0.5160558215040368,0.18445695501265597,0.0,1.722013905854654,3
3f5e2a39,rmsprop,0.0003,[256],2,tanh,203530,98.43373493975905,99.36740636610102,167.0,94.44444444444446,99.32432432432432,98.7141444114738,98.65771812080537,98.47494553376907,97.94520547945206,94.44444444444446,99.09909909909909,98.29605963791266,0.0,97.65100671140938,0.26335094475107623,0.23398293398395917,36.0,3.2075014954979277,0.3378378378378386,0.45327158209256857,0.5812251032110404,0.4991912521738463,0.342465753424662,3.2075014954979277,1.0321116430080748,0.18445695501265597,0.0,1.3422818791946298,3
5150017d,adam,0.0003,[256],2,tanh,203530,98.42034805890228,99.45108277270141,128.66666666666666,94.44444444444444,99.2117117117117,98.81305637982196,98.76957494407158,98.25708061002179,98.51598173515981,94.44444444444444,98.87387387387388,98.29605963791266,0.0,97.31543624161073,0.23531989064587763,0.17079828392641597,23.50177298276309,1.8518518518518476,0.8502065805485116,0.29673590504451397,0.8445004961152849,0.7547062342348104,0.523125079332863,1.8518518518518476,1.0321116430080748,0.18445695501265597,0.0,1.2099165353906014,3
4ae9bb60,adam,0.001,[256],1,tanh,203530,98.42034805890228,99.77240017404692,78.33333333333333,95.06172839506172,99.32432432432432,99.0108803165183,97.76286353467562,98.69281045751636,98.05936073059361,95.06172839506172,98.9864864864865,97.97657082002131,0.0,98.09843400447427,0.16720208831052916,0.10256420287207793,28.728615235220325,2.1383343303319404,0.5851522998543518,0.45327158209256313,1.3561919074924094,0.566029675676114,0.39544538985591327,2.1383343303319404,0.5851522998543518,0.665069009414098,0.0,1.1784847598269304,3
ca23d9fa,momentum,0.3,"[256, 128]",1,tanh,235146,98.4069611780455,99.81925896174316,92.66666666666667,95.67901234567903,99.2117117117117,98.91196834817013,98.09843400447427,97.60348583877995,98.05936073059361,95.67901234567903,99.2117117117117,98.40255591054313,0.0,98.2102908277405,0.1159337889939063,0.0892478604007983,15.947831618540912,4.6603916267103385,0.1950507666181193,0.3426411093113486,1.0787081388135356,1.4736110303342842,0.19772269492795663,4.6603916267103385,0.39010153323623553,0.8452879588065748,0.0,0.7749668042813762,3
5f348674,gd,0.3,"[256, 128]",2,tanh,235146,98.4069611780455,99.35401814104495,246.66666666666666,92.5925925925926,98.9864864864865,98.91196834817013,98.2102908277405,98.69281045751636,97.94520547945206,92.5925925925926,99.32432432432432,98.29605963791266,0.0,97.87472035794184,0.1810943675832455,0.20684157787569457,47.42713709821977,5.555555555555557,0.3378378378378386,0.4532715820925651,0.512592359614746,0.326797385620921,1.2347778340630113,5.555555555555557,0.3378378378378386,0.4880272305597191,0.0,1.1784847598269224,3
7d1e7b90,momentum,0.03,"[256, 128]",2,tanh,235146,98.38018741633199,99.33393580346086,232.66666666666666,93.82716049382715,98.9864864864865,98.81305637982196,98.09843400447427,98.03921568627452,98.17351598173515,93.82716049382715,99.09909909909909,98.29605963791266,0.0,98.32214765100672,0.22118757218016394,0.04527813789359328,18.71719352182194,5.952870840119111,0.6756756756756772,0.5934718100890244,0.5125923596147502,0.8646246114590228,1.2965544168493712,5.952870840119111,0.1950507666181162,0.4880272305597179,0.0,0.8878360104243592,3
e3d0c09c,adam,0.001,"[256, 128]",2,tanh,235146,98.38018741633199,99.57157679820598,113.33333333333333,94.44444444444444,98.9864864864865,98.81305637982196,97.53914988814317,98.36601307189544,98.51598173515981,94.44444444444444,98.76126126126125,98.82854100106495,0.0,97.87472035794184,0.2283630804448725,0.1214663273529672,11.015141094572206,1.8518518518518476,0.3378378378378386,0.7850894098114579,0.6985456374047341,0.326797385620921,0.19772269492794942,1.8518518518518476,0.5160558215040368,0.8040292263334089,0.0,1.3561919074924094,3
7da406c7,adam,0.0003,"[256, 128]",1,tanh,235146,98.38018741633198,99.88954714328747,92.66666666666667,95.06172839506172,98.87387387387388,98.71414441147378,98.09843400447427,98.14814814814815,98.40182648401826,95.06172839506172,99.2117117117117,98.08306709265177,0.0,98.09843400447427,0.12269278969091861,0.0362039489453162,9.712534856222312,1.0691671651659702,0.5160558215040392,0.7467689846954313,0.8445004961152985,1.0505066188445527,0.39544538985591016,1.0691671651659702,0.5160558215040368,0.3194888178913686,0.0,0.6985456374047392,3
6030ea8b,gd,1.0,[256],1,tanh,203530,98.36680053547524,99.72554138635071,140.0,96.2962962962963,99.32432432432432,99.10979228486649,98.09843400447427,97.60348583877995,98.17351598173515,96.2962962962963,98.76126126126125,97.97657082002131,0.0,98.2102908277405,0.22836308044487594,0.023189086020272795,5.291502622129181,1.8518518518518583,0.3378378378378386,0.29673590504451397,0.8445004961152985,1.2372349337255562,0.39544538985590294,1.8518518518518583,0.7802030664724681,0.48802723055973146,0.0,1.6553298195692152,3
078d349a,momentum,0.1,[128],2,tanh,101770,98.36680053547524,99.22013589048431,181.33333333333334,94.44444444444444,99.09909909909909,98.6152324431256,98.99328859060402,97.82135076252723,98.40182648401827,94.44444444444444,99.09909909909909,98.18956336528221,0.0,97.42729306487696,0.22836308044487594,0.111059745108526,37.4477413649119,1.8518518518518476,0.3901015332362324,0.617705044351975,0.581225103211026,1.644844103544827,0.19772269492794942,1.8518518518518476,0.39010153323623553,0.6650690094140931,0.0,0.6985456374047392,3
3ea50d37,momentum,0.1,[256],2,tanh,203530,98.35341365461848,99.41426515379725,192.0,95.06172839506172,99.32432432432432,99.0108803165183,97.98657718120806,98.14814814814815,98.17351598173518,95.06172839506172,98.53603603603604,98.5090521831736,0.0,97.65100671140938,0.22360499449116736,0.1406958500316846,24.55605831561735,2.1383343303319404,0.3378378378378386,0.3426411093113537,0.33557046979865923,0.822422051772424,0.19772269492795252,2.1383343303319404,0.8502065805485096,0.36891391002531504,0.0,1.3422818791946298,3
19d14709,adam,0.001,"[256, 128]",1,tanh,235146,98.32663989290495,99.82595307427118,80.0,92.5925925925926,98.64864864864865,99.10979228486649,97.76286353467562,98.47494553376907,98.28767123287672,92.5925925925926,98.9864864864865,98.93503727369541,0.0,97.31543624161073,0.24538557938184188,0.04527813789358606,14.422205101855956,3.2075014954979237,0.3378378378378386,0.7850894098114473,0.19374170107035021,0.6802830063614878,0.9060792161180049,3.2075014954979237,0.3378378378378386,0.4880272305597253,0.0,1.0067114093959706,3
7efb52d9,gd,0.3,[256],2,tanh,203530,98.32663989290495,99.15319476520399,298.3333333333333,94.44444444444446,99.32432432432432,98.41740850642928,98.32214765100672,98.14814814814815,98.40182648401826,94.44444444444446,99.2117117117117,98.08306709265175,0.0,97.42729306487695,0.12269278969091628,0.023189086020269718,2.886751345948133,3.2075014954979277,0.0,0.6177050443519739,0.6711409395973167,1.0505066188445527,0.39544538985591016,3.2075014954979277,0.5160558215040368,0.638977635782739,0.0,1.513171057994262,3
a9df336a,momentum,0.03,[256],1,tanh,203530,98.32663989290495,99.65525320480639,300.0,94.44444444444446,99.2117117117117,98.81305637982196,97.65100671140938,98.47494553376907,98.51598173515981,94.44444444444446,98.76126126126125,98.40255591054313,0.0,97.42729306487695,0.22118757218016558,0.005797271505065379,0.0,3.703703703703706,0.1950507666181193,0.2967359050445104,0.6711409395973078,0.6802830063614878,0.19772269492794636,3.703703703703706,0.5160558215040368,0.3194888178913686,0.0,1.2704492943624788,3
d9e98986,rmsprop,0.001,"[256, 128]",2,tanh,235146,98.31325301204818,99.59500619205409,102.0,95.679012345679,99.2117117117117,98.51632047477744,97.98657718120806,97.82135076252723,98.05936073059361,95.679012345679,99.2117117117117,98.08306709265177,0.0,98.09843400447427,0.3187652182005624,0.11419300538362576,19.0,1.0691671651659733,0.5160558215040392,0.29673590504450864,0.0,0.8224220517724125,1.3840588644956742,1.0691671651659733,0.5160558215040368,1.1519333148447202,0.0,1.5858441698834345,3
cfdfb14b,rmsprop,0.0003,[256],1,tanh,203530,98.31325301204818,99.79248251163102,158.33333333333334,93.82716049382715,98.9864864864865,98.81305637982196,98.32214765100672,98.25708061002179,98.17351598173515,93.82716049382715,98.87387387387388,97.87007454739084,0.0,97.98657718120806,0.34313268053483864,0.06455568337512255,19.347695814575268,1.0691671651659733,0.6756756756756772,0.2967359050445104,0.335570469798661,0.3773531171174104,0.523125079332861,1.0691671651659733,0.9752538330905873,0.3689139100253181,0.0,1.2099165353905876,3
f9ccbb11,gd,1.0,[256],2,tanh,203530,98.31325301204818,99.23017705927636,146.33333333333334,93.82716049382715,99.09909909909909,98.61523244312563,98.54586129753915,98.14814814814815,98.17351598173518,93.82716049382715,99.09909909909909,98.08306709265177,0.0,97.53914988814319,0.25080313246580055,0.06685739651048574,14.011899704655805,2.828750428985082,0.5160558215040368,0.17132055465566814,0.3874834021406902,1.360566012722958,0.8618532460354709,2.828750428985082,0.5160558215040368,0.3194888178913686,0.0,1.2704492943624701,3
57f21456,rmsprop,0.001,[128],2,tanh,101770,98.29986613119144,98.9624125581551,95.33333333333333,93.82716049382715,99.2117117117117,98.21958456973294,98.2102908277405,98.69281045751633,98.05936073059361,93.82716049382715,98.87387387387388,98.40255591054313,0.0,97.53914988814319,0.14103954153752404,0.3637528022282836,47.035447625523176,4.660391626710343,0.5160558215040392,0.5139616639670341,1.3970912748094881,0.6535947712418366,0.5231250793328645,4.660391626710343,0.8502065805485116,0.553370865037971,0.0,1.0251847192294927,3
0c3de805,rmsprop,0.0003,"[256, 128]",1,tanh,235146,98.28647925033466,99.789135455367,113.66666666666667,92.5925925925926,98.9864864864865,99.0108803165183,98.32214765100672,98.47494553376907,98.05936073059361,92.5925925925926,98.76126126126125,97.97657082002131,0.0,97.65100671140938,0.30142785138414224,0.17650763963497737,33.56088993655164,6.415002990995838,0.8938349023866881,0.4532715820925627,0.581225103211026,0.8224220517724135,0.5231250793328506,6.415002990995838,0.1950507666181162,1.2911986850886155,0.0,1.1624502064220623,3
c78f87c6,momentum,0.1,[256],1,tanh,203530,98.28647925033466,99.77574723031096,178.66666666666666,95.67901234567903,98.9864864864865,98.91196834817013,97.65100671140941,98.14814814814815,98.63013698630137,95.67901234567903,99.09909909909909,98.08306709265177,0.0,97.20357941834452,0.22118757218016805,0.07401460785050903,41.35617648348712,2.8287504289850895,0.5851522998543518,0.1713205546556825,1.1624502064220623,0.6802830063614909,0.0,2.8287504289850895,0.7802030664724681,0.3194888178913686,0.0,1.9662635157994346,3
97b58332,adam,0.0003,"[128, 64, 32]",1,tanh,111146,98.27309236947792,99.86946480570339,115.66666666666667,93.20987654320987,98.64864864864865,98.61523244312563,98.2102908277405,98.47494553376907,98.17351598173518,93.20987654320987,99.2117117117117,98.40255591054313,0.0,97.31543624161073,0.2811244979919602,0.04376844003957319,28.290163190291665,2.1383343303319404,0.6756756756756772,0.45327158209256313,0.512592359614746,0.4991912521738463,0.19772269492795252,2.1383343303319404,0.7032655403601821,0.5533708650379792,0.0,1.0067114093959706,3
f637b8e5,momentum,0.1,"[128, 64, 32]",2,tanh,111146,98.25970548862115,99.1297653713559,106.0,98.14814814814815,99.09909909909909,98.41740850642928,98.32214765100672,97.49455337690631,97.6027397260274,98.14814814814815,98.9864864864865,98.18956336528221,0.0,97.98657718120806,0.12909840376162102,0.22392781984374374,22.64950330581225,0.0,0.1950507666181162,0.6177050443519739,1.1624502064220663,0.8224220517724125,0.9060792161180142,0.0,0.3378378378378386,0.8040292263334141,0.0,1.2099165353905876,3
e5467a79,gd,0.3,"[256, 128]",1,tanh,235146,98.25970548862115,99.79248251163102,266.3333333333333,91.35802469135803,98.42342342342342,99.0108803165183,98.54586129753915,97.93028322440087,98.17351598173518,91.35802469135803,99.09909909909909,98.40255591054313,0.0,97.65100671140941,0.12909840376162102,0.06455568337512402,41.47690120215508,2.828750428985086,0.7032655403601796,0.17132055465567736,1.0251847192294885,1.14767470074649,0.19772269492795252,2.828750428985086,0.1950507666181193,0.6389776357827461,0.0,0.8878360104243486,3
b942d83f,rmsprop,0.003,"[256, 128]",1,tanh,235146,98.25970548862115,99.63517086722227,78.33333333333333,93.20987654320987,99.09909909909909,99.30761622156281,98.09843400447427,97.7124183006536,97.8310502283105,93.20987654320987,98.76126126126125,98.82854100106495,0.0,97.20357941834452,0.06134639484545814,0.1822225469600966,18.583146486355137,1.0691671651659702,0.39010153323623553,0.7467689846954219,0.6985456374047403,0.8646246114590201,0.5231250793328552,1.0691671651659702,0.1950507666181162,0.6650690094140971,0.0,1.6890009922305875,3
e29bcd75,adam,0.0003,"[128, 64, 32]",2,tanh,111146,98.25970548862115,99.29042407202864,102.66666666666667,93.20987654320987,99.54954954954955,98.51632047477744,97.53914988814319,97.38562091503267,98.40182648401826,93.20987654320987,99.43693693693695,98.40255591054313,0.0,97.76286353467562,0.3368071117914102,0.10736697079589619,8.504900548115382,1.0691671651659702,0.1950507666181162,0.2967359050445104,0.5125923596147522,0.8646246114590054,0.8618532460354718,1.0691671651659702,0.1950507666181162,1.1067417300759625,0.0,0.19374170107035227,3
5aa7c7b6,rmsprop,0.001,"[128, 64, 32]",1,tanh,111146,98.25970548862115,99.789135455367,83.0,94.44444444444444,98.9864864864865,99.0108803165183,98.09843400447427,97.49455337690631,98.51598173515981,94.44444444444444,98.87387387387388,98.29605963791266,0.0,97.42729306487695,0.08360104415526001,0.07969930648853882,16.522711641858304,3.2075014954979135,0.3378378378378386,0.1713205546556753,0.6985456374047403,0.49919125217383353,0.39544538985590294,3.2075014954979135,0.703265540360183,0.7378278200506301,0.0,0.7749668042813691,3
34beede7,gd,1.0,"[256, 128]",1,tanh,235146,98.2463186077644,99.85272952438332,147.66666666666666,93.82716049382715,98.87387387387388,99.0108803165183,98.2102908277405,97.93028322440087,97.8310502283105,93.82716049382715,99.09909909909909,98.08306709265175,0.0,97.65100671140941,0.22118757218016558,0.040580900535467763,20.03330560175562,1.0691671651659733,0.5160558215040392,0.45327158209256313,0.6985456374047432,0.8224220517724109,0.19772269492795663,1.0691671651659733,0.1950507666181193,0.8452879588065816,0.0,1.2099165353906005,3
0d2b6d87,rmsprop,0.0003,[128],2,tanh,101770,98.2463186077644,99.1331124276199,196.0,94.44444444444444,99.32432432432432,98.41740850642928,98.65771812080537,98.25708061002179,98.17351598173515,94.44444444444444,98.53603603603604,98.08306709265177,0.0,97.20357941834452,0.14103954153752304,0.1768880444719771,23.643180835073778,1.8518518518518476,0.5851522998543518,0.6177050443519739,0.8878360104243586,0.4991912521738401,0.71289931488567,1.8518518518518476,0.7032655403601821,0.0,0.0,1.1784847598269315,3
2df2dfc0,momentum,0.1,"[128, 64, 32]",1,tanh,111146,98.21954484605088,99.68872376744652,110.0,94.44444444444444,98.87387387387388,98.61523244312563,97.98657718120806,97.82135076252723,98.28767123287672,94.44444444444444,98.76126126126125,97.76357827476038,0.0,98.32214765100672,0.24207685836714282,0.1936670501253726,26.627053911388696,1.8518518518518476,0.5160558215040392,0.3426411093113445,0.8878360104243592,0.8224220517724135,0.34246575342465135,1.8518518518518476,0.1950507666181162,1.3926194707797739,0.0,1.1624502064220623,3
61a2e30d,gd,1.0,"[128, 64, 32]",2,tanh,111146,98.21954484605088,99.1967064966362,131.33333333333334,96.91358024691358,99.2117117117117,98.81305637982196,98.32214765100672,98.47494553376907,96.91780821917808,96.91358024691358,98.9864864864865,97.65708200212993,0.0,97.53914988814317,0.30142785138413525,0.4956921396605143,51.62686639079824,1.0691671651659784,0.1950507666181193,0.0,0.6711409395973114,0.4991912521738463,0.342465753424662,1.0691671651659784,0.6756756756756772,0.48802723055973496,0.0,1.078708138813525,3
4a51fe8e,gd,0.3,[256],1,tanh,203530,98.21954484605088,99.63517086722227,290.0,93.82716049382718,98.9864864864865,98.91196834817013,97.76286353467562,98.03921568627452,98.51598173515981,93.82716049382718,98.87387387387388,97.65708200212993,0.0,97.7628635346756,0.24207685836714676,0.07603050300633325,17.320508075688775,3.854937036048397,0.5851522998543518,0.3426411093113486,0.8445004961152943,0.9803921568627505,0.19772269492794942,3.854937036048397,0.7032655403601821,0.3689139100253222,0.0,1.2704492943624695,3
f5f0383c,adam,0.001,[128],2,tanh,101770,98.21954484605085,99.1297653713559,96.0,93.20987654320987,99.09909909909909,98.41740850642928,98.09843400447427,98.03921568627452,97.71689497716893,93.20987654320987,99.32432432432432,98.5090521831736,0.0,97.42729306487696,0.35087931518289267,0.170798283926414,22.271057451320086,2.8287504289850784,0.5160558215040356,1.0421022505294557,1.0787081388135356,0.6535947712418331,0.19772269492795866,2.8287504289850784,0.0,0.36891391002531504,0.0,1.5858441698834236,3
bac2975f,momentum,0.03,"[256, 128]",1,tanh,235146,98.21954484605085,99.77574723031096,245.0,92.5925925925926,98.64864864864865,99.0108803165183,98.2102908277405,98.25708061002179,97.94520547945206,92.5925925925926,99.09909909909909,97.97657082002131,0.0,97.53914988814319,0.18549406239024352,0.08539914196320582,35.04283093587046,1.8518518518518476,0.3378378378378386,0.45327158209256313,0.6985456374047432,0.680283006361488,0.342465753424662,1.8518518518518476,0.5160558215040368,1.0270128605956257,0.0,1.2704492943624701,3
6a6ccba6,momentum,0.3,[128],2,tanh,101770,98.20615796519411,99.04943602101952,115.0,95.06172839506172,99.2117117117117,98.3184965380811,98.32214765100672,97.7124183006536,98.28767123287672,95.06172839506172,99.43693693693695,97.97657082002131,0.0,96.97986577181207,0.18549406239024352,0.12714409019125844,10.14889156509222,1.0691671651659702,0.39010153323623553,0.7467689846954266,0.6711409395973167,0.8646246114590181,1.2347778340630016,1.0691671651659702,0.5160558215040356,0.7378278200506444,0.0,2.2004827262758413,3
9a85e5bf,adam,0.0003,[128],1,tanh,101770,98.20615796519411,99.79917662415905,140.33333333333334,91.9753086419753,99.2117117117117,99.10979228486649,98.2102908277405,98.03921568627452,97.8310502283105,91.9753086419753,98.9864864864865,97.97657082002131,0.0,97.31543624161073,0.06134639484545814,0.030123506376137147,8.020806277010642,4.660391626710335,0.5160558215040392,0.5139616639670249,0.6985456374047414,0.9803921568627505,0.5231250793328552,4.660391626710335,0.3378378378378386,0.48802723055972025,0.0,0.0,3
261437ec,momentum,0.03,[256],2,tanh,203530,98.19277108433737,99.1732771027881,298.3333333333333,93.82716049382718,99.2117117117117,98.3184965380811,98.32214765100672,98.14814814814815,98.40182648401826,93.82716049382718,99.09909909909909,97.87007454739084,0.0,96.97986577181207,0.2633509447510833,0.04527813789359328,2.886751345948133,3.854937036048397,0.39010153323623553,0.45327158209257357,0.6711409395973167,1.360566012722958,0.7128993148856678,3.854937036048397,0.1950507666181193,0.18445695501265905,0.0,1.6778523489932873,3
05acc6b8,momentum,0.1,"[256, 128]",1,tanh,235146,98.19277108433734,99.82260601800715,156.0,92.5925925925926,99.2117117117117,99.10979228486649,97.87472035794184,97.38562091503267,97.8310502283105,92.5925925925926,98.76126126126125,98.5090521831736,0.0,97.7628635346756,0.36807836907275776,0.13484109568218705,67.55738301621814,3.2075014954979237,0.39010153323623553,0.29673590504451397,0.8445004961152981,1.3071895424836608,0.19772269492795663,3.2075014954979237,0.5160558215040356,0.36891391002531504,0.0,1.5858441698834258,3
4e8853df,rmsprop,0.001,"[128, 64, 32]",2,tanh,111146,98.1793842034806,99.32054757840478,95.33333333333333,94.44444444444444,98.87387387387388,98.71414441147378,97.87472035794184,97.60348583877995,98.05936073059361,94.44444444444444,99.09909909909909,98.18956336528221,0.0,97.65100671140938,0.12269278969091861,0.1263486031942806,12.013880860626735,1.8518518518518476,0.5160558215040368,0.7467689846954315,0.5125923596147453,0.8224220517724135,0.39544538985591327,1.8518518518518476,0.39010153323623553,0.36891391002531504,0.0,2.200482726275837,3
e584a12d,adam,0.0003,[128],2,tanh,101770,98.1793842034806,99.26030056565251,168.0,94.44444444444444,99.2117117117117,98.41740850642928,98.76957494407158,98.58387799564271,98.28767123287672,94.44444444444444,98.42342342342342,97.87007454739084,0.0,96.53243847874721,0.14103954153752185,0.15039422926438098,33.77869150810907,0.0,0.5160558215040392,0.9065431641851308,1.270449294362473,0.3773531171174104,0.3424657534246496,0.0,1.1864474946906236,0.6650690094141045,0.0,1.5131710579942639,3
f36e6f8a,gd,1.0,[128],1,tanh,101770,98.16599732262382,99.65525320480639,171.33333333333334,91.9753086419753,99.2117117117117,98.81305637982196,97.76286353467562,98.47494553376907,98.17351598173518,91.9753086419753,98.53603603603604,98.40255591054313,0.0,96.97986577181207,0.39621549094909536,0.10305455245400753,44.792112400882964,2.828750428985086,0.5160558215040392,0.5934718100890191,0.7749668042813762,0.9433827927935172,0.19772269492795252,2.828750428985086,1.0321116430080748,0.3194888178913686,0.0,1.6778523489932873,3
66e0bb86,rmsprop,0.003,[256],1,tanh,203530,98.15261044176707,99.57827091073402,78.0,93.20987654320987,98.87387387387388,98.51632047477744,97.98657718120806,98.25708061002179,97.26027397260275,93.20987654320987,98.42342342342342,98.50905218317358,0.0,98.2102908277405,0.368078369072764,0.26261064023741637,28.930952282978865,3.854937036048393,0.1950507666181162,0.7850894098114533,1.0067114093959724,0.680283006361488,0.5931680847838596,3.854937036048393,0.7032655403601821,1.291198685088624,0.0,0.1937417010703338,3
76eaff2d,gd,1.0,[128],2,tanh,101770,98.15261044176707,98.91220671419485,137.66666666666666,95.06172839506173,99.09909909909909,98.51632047477744,98.54586129753915,98.14814814814815,97.71689497716893,95.06172839506173,99.2117117117117,97.76357827476038,0.0,96.75615212527964,0.14480125604272837,0.16356115704883628,17.925772879665004,2.828750428985093,0.3901015332362324,0.5934718100890279,1.0251847192294885,0.18867655855870671,0.19772269492795663,2.828750428985093,0.7802030664724681,0.6389776357827515,0.0,2.1574162776270507,3
9cd5ba1c,gd,0.3,"[128, 64, 32]",1,tanh,111146,98.15261044176707,99.80587073668708,250.0,94.44444444444444,98.9864864864865,98.7141444114738,98.09843400447427,97.1677559912854,98.28767123287672,94.44444444444444,98.87387387387388,98.29605963791266,0.0,97.42729306487695,0.208680820189026,0.06685739651048875,60.67124524847005,3.2075014954979135,0.3378378378378386,0.45327158209256585,0.6985456374047403,1.0505066188445462,0.5931680847838626,3.2075014954979135,0.39010153323623553,1.027012860595635,0.0,1.178484759826926,3
254a9af3,rmsprop,0.003,"[256, 128]",2,tanh,235146,98.13922356091031,99.00592428958731,98.33333333333333,95.06172839506173,99.09909909909909,98.6152324431256,98.2102908277405,98.14814814814815,97.71689497716896,95.06172839506173,98.87387387387388,98.18956336528221,0.0,96.75615212527964,0.2905292424927825,0.2827618805166925,36.555893277737496,3.854937036048394,0.1950507666181193,0.6177050443519754,0.9687085053517265,1.147674700746487,0.5231250793328576,3.854937036048394,0.1950507666181162,0.18445695501265597,0.0,1.9374170107034356,3
25c612fb,gd,1.0,"[128, 64, 32]",1,tanh,111146,98.12583668005355,99.73892961140677,119.33333333333333,93.82716049382715,99.43693693693695,98.4174085064293,97.87472035794184,97.60348583877995,97.94520547945206,93.82716049382715,99.2117117117117,98.18956336528221,0.0,97.0917225950783,0.3508793151828933,0.15684807060762077,40.82074635933711,2.828750428985082,0.1950507666181162,0.17132055465567636,1.0251847192294885,1.2372349337255562,0.6849315068493063,2.828750428985082,0.1950507666181162,0.6650690094140931,0.0,1.7220139058546513,3
790ab19f,momentum,0.3,"[256, 128]",2,tanh,235146,98.12583668005355,99.38414164742109,112.33333333333333,92.5925925925926,98.9864864864865,98.7141444114738,98.65771812080537,98.03921568627452,98.05936073059361,92.5925925925926,98.87387387387388,98.29605963791266,0.0,96.30872483221476,0.08360104415526001,0.41087075428422976,43.77594468807422,0.0,0.6756756756756772,0.3426411093113506,0.0,0.3267973856209174,1.0462501586657127,0.0,0.703265540360183,0.4880272305597214,0.0,0.3355704697986681,3
4a435a25,momentum,0.1,[128],1,tanh,101770,98.1124497991968,99.62178264216622,142.0,93.82716049382715,99.2117117117117,98.61523244312563,98.32214765100672,98.03921568627452,97.8310502283105,93.82716049382715,98.42342342342342,97.76357827476039,0.0,97.42729306487695,0.3287290269828349,0.040580900535473766,18.027756377319946,2.828750428985082,0.1950507666181193,0.3426411093113465,0.6711409395973167,0.9803921568627505,0.19772269492795663,2.828750428985082,0.5160558215040368,0.31948881789138284,0.0,1.3561919074924134,3
e8f96778,momentum,0.03,"[128, 64, 32]",2,tanh,111146,98.11244979919678,99.44438866017337,239.0,95.67901234567903,98.53603603603604,98.3184965380811,97.98657718120806,97.82135076252723,98.05936073059361,95.67901234567903,98.9864864864865,97.97657082002131,0.0,97.65100671140941,0.5032114090819937,0.07401460785050903,23.895606290697042,2.8287504289850895,0.39010153323623553,0.6177050443519679,0.8878360104243559,0.4991912521738432,1.2965544168493717,2.8287504289850895,0.3378378378378386,0.9760544611194567,0.0,1.5377770788442444,3
791bf913,rmsprop,0.0003,"[128, 64, 32]",1,tanh,111146,98.11244979919678,99.79917662415905,130.33333333333334,91.9753086419753,99.2117117117117,98.81305637982196,97.98657718120806,97.60348583877995,97.94520547945206,91.9753086419753,98.9864864864865,98.40255591054313,0.0,96.97986577181207,0.34313268053484697,0.1258154843472409,48.1283007526064,5.9528708401191,0.7802030664724711,0.5139616639670249,0.5812251032110363,0.9983825043476822,0.342465753424662,5.9528708401191,0.6756756756756772,0.8452879588065783,0.0,1.7436753096331008,3
96e9f88b,rmsprop,0.0003,[128],1,tanh,101770,98.09906291834004,99.67198848612645,175.0,91.35802469135803,98.9864864864865,98.91196834817013,97.42729306487695,98.25708061002179,98.63013698630137,91.35802469135803,98.9864864864865,97.87007454739084,0.0,96.86800894854586,0.39006164081213496,0.041804719338616105,28.053520278211074,4.276668660663887,0.5851522998543518,0.453271582092565,0.387483402140683,1.1476747007464854,0.9060792161180008,4.276668660663887,0.3378378378378386,0.48802723055972647,0.0,2.234338294791735,3
6da6a81e,gd,0.3,[128],2,tanh,101770,98.05890227576974,98.92559493925093,300.0,94.44444444444444,98.87387387387388,98.21958456973294,98.09843400447427,97.93028322440087,97.71689497716893,94.44444444444444,98.76126126126125,98.40255591054313,0.0,97.0917225950783,0.14103954153752338,0.11838363412543654,0.0,0.0,0.5160558215040392,0.5934718100890244,0.6985456374047403,0.3773531171174021,0.19772269492795663,0.0,0.703265540360183,0.3194888178913686,0.0,1.5131710579942537,3
53fd71d4,rmsprop,0.0003,"[128, 64, 32]",2,tanh,111146,98.04551539491298,99.16323593399606,117.0,95.679012345679,98.87387387387388,98.3184965380811,98.09843400447427,98.36601307189544,97.6027397260274,95.679012345679,98.87387387387388,97.76357827476038,0.0,96.86800894854586,0.3014278513841366,0.34409626759221745,36.864617182333525,1.0691671651659702,0.5160558215040392,0.45327158209256585,0.5125923596147526,0.8646246114590221,1.1863361695677295,1.0691671651659702,0.5160558215040356,1.1067417300759594,0.0,0.8445004961153036,3
1a6c8d26,momentum,0.03,"[128, 64, 32]",1,tanh,111146,98.04551539491298,99.75566489272684,207.66666666666666,92.5925925925926,99.09909909909909,98.3184965380811,98.09843400447427,97.38562091503267,98.05936073059361,92.5925925925926,98.31081081081079,98.29605963791266,0.0,97.76286353467562,0.11593378899389194,0.0712380649121146,19.55334583474995,4.899539464934433,0.1950507666181162,0.17132055465567123,0.8445004961152958,0.9803921568627381,0.19772269492795458,4.899539464934433,0.6756756756756772,0.7378278200506301,0.0,0.7749668042813783,3
869b805e,adam,0.001,"[128, 64, 32]",1,tanh,111146,98.03212851405623,99.65190614854237,63.333333333333336,93.82716049382715,98.87387387387388,98.91196834817013,97.7628635346756,97.82135076252723,98.17351598173518,93.82716049382715,98.76126126126125,98.18956336528221,0.0,96.42058165548099,0.3680783690727539,0.1768880444719832,16.19670748434179,2.1383343303319435,0.1950507666181162,0.3426411093113465,0.5125923596147395,0.7547062342348125,0.19772269492795663,2.1383343303319435,0.7032655403601821,0.7378278200506362,0.0,2.131158711773789,3
ae5178f0,rmsprop,0.003,[256],2,tanh,203530,98.03212851405623,98.95237138936307,70.0,91.9753086419753,98.87387387387388,98.51632047477744,97.98657718120803,98.25708061002179,97.94520547945206,91.9753086419753,98.87387387387388,97.65708200212993,0.0,97.20357941834452,0.34313268053482493,0.16570463961557588,7.810249675906654,5.657500857970179,1.032111643008076,0.5139616639670249,0.581225103211026,0.6802830063614909,0.0,5.657500857970179,0.1950507666181162,0.9760544611194506,0.0,1.3561919074924114,3
0eeb19b6,momentum,0.03,[128],2,tanh,101770,98.03212851405623,98.79505974495432,262.3333333333333,93.82716049382715,99.2117117117117,98.12067260138475,98.54586129753915,98.03921568627452,97.94520547945206,93.82716049382715,98.64864864864865,97.97657082002131,0.0,96.53243847874721,0.26335094475108356,0.15161832383312618,2.309401076758499,2.828750428985082,0.5160558215040392,0.3426411093113681,0.5125923596147429,0.5660296756761037,0.5931680847838626,2.828750428985082,0.5851522998543518,0.36891391002531504,0.0,1.3561919074924174,3
1a2b52b7,rmsprop,0.001,[128],1,tanh,101770,98.03212851405623,99.65525320480636,89.66666666666667,93.20987654320987,99.2117117117117,98.61523244312563,97.7628635346756,97.93028322440087,97.94520547945206,93.20987654320987,98.42342342342342,98.08306709265177,0.0,97.0917225950783,0.16064257028112294,0.12474241157803621,23.86070689089771,2.1383343303319404,0.5160558215040392,0.8566027732783786,0.5125923596147417,0.377353117117396,0.342465753424662,2.1383343303319404,0.1950507666181193,0.3194888178913686,0.0,1.1784847598269284,3
94fae340,momentum,0.3,"[128, 64, 32]",1,tanh,111146,98.03212851405623,99.54145329182984,68.0,92.5925925925926,99.09909909909909,98.81305637982196,97.76286353467562,97.49455337690632,97.3744292237443,92.5925925925926,98.42342342342342,98.61554845580405,0.0,97.53914988814319,0.10625507273351767,0.23036405003943608,13.527749258468683,3.703703703703704,0.7032655403601821,0.0,0.6985456374047357,1.3605660127229657,1.2965544168493872,3.703703703703704,0.1950507666181193,0.48802723055972647,0.0,0.3874834021406902,3
9d049528,momentum,0.3,"[128, 64, 32]",2,tanh,111146,98.01874163319947,98.87873615155472,90.66666666666667,92.5925925925926,98.87387387387388,98.61523244312563,97.53914988814319,98.25708061002179,97.6027397260274,92.5925925925926,98.64864864864865,98.08306709265177,0.0,97.42729306487696,0.2211875721801747,0.4499892780315521,29.938826518975876,1.8518518518518476,0.7802030664724681,0.7467689846954295,0.3874834021406922,1.3207359099109142,0.5931680847838626,1.8518518518518476,0.3378378378378386,0.0,0.0,0.6985456374047392,3
7b9098db,rmsprop,0.003,[128],1,tanh,101770,97.99196787148594,99.56153562941392,73.66666666666667,93.82716049382715,99.09909909909909,98.7141444114738,97.0917225950783,97.7124183006536,97.94520547945206,93.82716049382715,98.87387387387388,98.5090521831736,0.0,96.64429530201342,0.10625507273351095,0.12793463101124417,13.203534880225572,1.0691671651659733,0.1950507666181193,0.3426411093113506,0.387483402140683,0.5660296756760966,0.5931680847838626,1.0691671651659733,0.7032655403601796,0.36891391002531504,0.0,1.7756720208487247,3
662af997,adam,0.001,"[128, 64, 32]",2,tanh,111146,97.97858099062917,99.07286541486762,82.66666666666667,91.9753086419753,99.2117117117117,98.3184965380811,97.53914988814317,98.14814814814815,98.17351598173515,91.9753086419753,98.76126126126125,98.08306709265177,0.0,96.64429530201342,0.12269278969091628,0.2168365543628237,15.01110699893027,2.828750428985085,0.39010153323623553,0.1713205546556753,0.19374170107034305,0.37735311711740316,0.395445389855905,2.828750428985085,0.703265540360183,0.3194888178913686,0.0,0.8878360104243626,3
a3dec43d,momentum,0.1,[64],2,tanh,50890,97.96519410977241,98.66452455065769,188.33333333333334,92.5925925925926,98.76126126126125,98.41740850642928,97.65100671140941,98.03921568627452,98.28767123287672,92.5925925925926,98.76126126126125,97.97657082002131,0.0,96.75615212527964,0.16230730459146148,0.1380432481661601,33.29164059239696,1.8518518518518476,0.1950507666181193,0.6177050443519748,0.5812251032110363,1.6339869281045676,1.027397260273963,1.8518518518518476,0.5160558215040368,0.18445695501265597,0.0,0.5125923596147453,3
a451664a,adam,0.003,[128],1,tanh,101770,97.92503346720214,99.2837299595006,67.33333333333333,95.06172839506173,98.87387387387388,98.61523244312563,97.42729306487695,98.25708061002179,98.05936073059361,95.06172839506173,98.1981981981982,97.97657082002131,0.0,96.42058165548099,0.1159337889939063,0.19710723117227005,9.073771725877467,4.66039162671034,0.7802030664724711,0.6852822186227074,0.19374170107034305,0.4991912521738401,0.7128993148856575,4.66039162671034,0.8502065805485056,0.7378278200506444,0.0,0.844500496115291,3
69b10c1d,gd,0.1,"[256, 128]",2,tanh,235146,97.91164658634538,98.65448338186565,300.0,90.12345679012346,98.87387387387388,98.41740850642928,97.7628635346756,97.82135076252723,97.48858447488584,90.12345679012346,99.09909909909909,97.87007454739084,0.0,97.31543624161073,0.2086808201890178,0.02656643549617871,0.0,2.828750428985086,0.7032655403601821,0.453271582092572,0.5125923596147395,0.9433827927935069,0.8618532460354791,2.828750428985086,0.39010153323623553,0.6650690094141045,0.0,2.041195479965838,3
3a23d3a5,adam,0.0003,[64],2,tanh,50890,97.91164658634538,98.74150684473005,214.0,95.06172839506173,98.9864864864865,98.12067260138478,98.43400447427292,97.82135076252723,97.94520547945206,95.06172839506173,98.31081081081082,97.65708200212993,0.0,96.53243847874721,0.17505618247151353,0.08421023279050138,13.0,2.828750428985092,0.5851522998543518,0.45327158209257357,0.698545637404748,0.1886765585586985,1.0273972602739718,2.828750428985092,0.8938349023866813,0.48802723055973496,0.0,1.5858441698834236,3
8b8ef7c3,momentum,0.03,[128],1,tanh,101770,97.89825970548861,99.46112394149345,283.3333333333333,92.5925925925926,99.2117117117117,98.41740850642928,97.53914988814319,97.93028322440087,97.8310502283105,92.5925925925926,98.08558558558559,98.18956336528221,0.0,96.86800894854586,0.22118757218016072,0.13925524023640723,28.867513459481295,1.8518518518518476,0.5160558215040392,0.34264110931134245,0.512592359614746,0.8224220517724109,0.39544538985591327,1.8518518518518476,0.9752538330905791,0.6650690094140931,0.0,1.5858441698834236,3
f5f87643,gd,0.3,[128],1,tanh,101770,97.88487282463187,99.49124744786961,283.3333333333333,91.9753086419753,99.2117117117117,98.21958456973294,97.76286353467562,98.14814814814815,97.71689497716896,91.9753086419753,97.97297297297297,98.08306709265175,0.0,96.97986577181207,0.22118757218015694,0.14069585003169424,28.867513459481295,2.828750428985086,0.5160558215040392,0.29673590504452463,0.19374170107035021,0.8224220517724229,0.3954453898558989,2.828750428985086,0.8938349023866813,0.638977635782739,0.0,1.7756720208487158,3
333a5435,momentum,0.3,[256],2,tanh,203530,97.88487282463187,98.61766576296147,120.66666666666667,65.4320987654321,99.09909909909909,99.10979228486649,98.2102908277405,98.36601307189544,97.8310502283105,65.4320987654321,99.43693693693695,98.29605963791266,0.0,98.43400447427292,1.3345988413780026,1.2278314483749857,22.03028218914441,55.069893653557884,0.3901015332362324,0.29673590504451397,0.6985456374047432,0.326797385620921,0.5231250793328506,55.069893653557884,0.5160558215040356,0.4880272305597179,0.0,1.5858441698834138,3
0972886b,adam,0.001,[128],1,tanh,101770,97.88487282463187,99.73223549887875,82.33333333333333,91.35802469135803,98.9864864864865,98.81305637982196,97.65100671140941,97.38562091503267,97.3744292237443,91.35802469135803,98.42342342342342,98.18956336528221,0.0,97.31543624161073,0.06134639484546434,0.09111127348003976,16.041612554021285,2.1383343303319546,0.6756756756756772,0.2967359050445104,0.8878360104243592,0.5660296756760966,0.39544538985591016,2.1383343303319546,1.0321116430080644,0.36891391002531504,0.0,1.2099165353906005,3
6aa74a07,rmsprop,0.003,"[128, 64, 32]",1,tanh,111146,97.84471218206158,99.27703584697258,57.0,91.9753086419753,98.64864864864865,98.91196834817013,97.53914988814317,97.1677559912854,97.48858447488584,91.9753086419753,98.53603603603604,98.29605963791266,0.0,97.0917225950783,0.27336784279333337,0.17849572080160098,9.539392014169456,4.660391626710335,0.5851522998543518,0.3426411093113465,0.19374170107033997,1.6769939344597673,0.8618532460354791,4.660391626710335,1.4065310807203524,0.18445695501265597,0.0,0.6985456374047374,3
28160e36,adam,0.003,[256],1,tanh,203530,97.83132530120481,99.22348294674833,82.66666666666667,89.50617283950618,99.09909909909909,98.7141444114738,97.53914988814319,97.05882352941177,97.94520547945206,89.50617283950618,98.87387387387388,97.76357827476039,0.0,97.0917225950783,0.17505618247150906,0.10305455245400465,31.39001964531614,6.503489970896738,0.1950507666181193,0.17132055465566814,0.512592359614746,1.6339869281045765,0.9060792161180049,6.503489970896738,1.0859967073190278,0.9584664536741165,0.0,1.0251847192295018,3
6b3958e5,rmsprop,0.001,[64],2,tanh,50890,97.83132530120481,98.38671888074437,121.66666666666667,91.35802469135803,98.87387387387388,97.92284866468843,97.7628635346756,97.93028322440087,97.8310502283105,91.35802469135803,99.2117117117117,97.97657082002131,0.0,96.30872483221476,0.06956027339634953,0.19479177329653116,41.04063027456247,2.828750428985086,0.1950507666181162,0.5139616639670321,0.5125923596147417,0.7547062342348002,0.5231250793328552,2.828750428985086,0.7032655403601821,0.48802723055973146,0.0,1.006711409395976,3
6d8060fb,momentum,0.3,[128],1,tanh,101770,97.83132530120481,99.4510827727014,75.0,93.82716049382715,98.87387387387388,98.41740850642928,98.2102908277405,97.38562091503269,97.8310502283105,93.82716049382715,98.31081081081079,97.65708200212993,0.0,96.64429530201342,0.3831081130188603,0.18794249946603497,16.522711641858304,2.828750428985082,0.703265540360183,0.34264110931134245,0.512592359614746,1.4975737565215235,0.5231250793328579,2.828750428985082,0.5851522998543518,0.7378278200506301,0.0,1.537777078844241,3
ccaa689a,gd,0.3,"[128, 64, 32]",2,tanh,111146,97.81793842034806,99.21678883422031,190.33333333333334,93.82716049382715,98.64864864864865,98.51632047477744,97.42729306487696,97.49455337690631,97.03196347031962,93.82716049382715,98.76126126126125,97.87007454739084,0.0,97.42729306487695,0.35995527870813687,0.10435088709119322,29.48445918332797,5.952870840119112,0.3378378378378386,0.593471810089035,0.5125923596147491,0.9983825043476697,0.5231250793328579,5.952870840119112,0.1950507666181162,1.2911986850886168,0.0,1.3970912748094833,3
b50fe8c4,adam,0.0003,[64],1,tanh,50890,97.79116465863454,99.48120627907754,171.0,89.50617283950618,99.32432432432432,98.7141444114738,97.42729306487695,97.1677559912854,97.71689497716896,89.50617283950618,98.53603603603604,97.44408945686901,0.0,97.42729306487696,0.31876521820055437,0.11895006623099522,30.610455730027933,1.0691671651659733,0.3378378378378386,0.45327158209256857,0.7749668042813691,0.18867655855869442,0.39544538985590294,1.0691671651659733,1.0859967073190182,0.5533708650379854,0.0,0.9687085053517265,3
b19619f1,gd,0.1,"[256, 128]",1,tanh,235146,97.77777777777777,99.21009472169226,300.0,87.65432098765433,98.87387387387388,98.51632047477744,97.87472035794183,97.38562091503269,98.05936073059361,87.65432098765433,98.64864864864865,97.76357827476038,0.0,96.86800894854586,0.5053436703661853,0.02090235966930464,0.0,7.010997957778118,0.5160558215040392,0.5139616639670341,0.3874834021406861,1.4244767789348667,0.8618532460354675,7.010997957778118,0.3378378378378386,1.1067417300759594,0.0,2.6065280084409443,3
57bd3530,rmsprop,0.0003,[64],2,tanh,50890,97.76439089692103,98.38337182448038,211.66666666666666,92.5925925925926,99.09909909909909,98.12067260138478,97.76286353467562,97.93028322440087,97.94520547945206,92.5925925925926,98.64864864864865,97.01810436634717,0.0,96.53243847874721,0.4423751443603311,0.3039009127507057,82.3549229453427,3.2075014954979237,0.5160558215040356,0.17132055465568558,0.3874834021406974,1.14767470074649,1.0273972602739718,3.2075014954979237,0.8938349023866881,0.7378278200506444,0.0,1.2704492943624819,3
0ac27db6,rmsprop,0.003,[128],2,tanh,101770,97.76439089692103,98.66117749439367,72.33333333333333,90.74074074074075,99.54954954954955,98.02176063303659,96.97986577181207,97.27668845315903,97.94520547945206,90.74074074074075,98.9864864864865,97.76357827476039,0.0,96.86800894854586,0.5179529349974038,0.422366142634067,43.154760262725745,4.899539464934426,0.39010153323623553,0.9065431641851313,0.0,1.1476747007464847,0.9060792161180102,4.899539464934426,0.3378378378378386,0.9584664536741094,0.0,1.9081344641199096,3
4991404b,momentum,0.03,[64],2,tanh,50890,97.75100401606426,98.44361883723265,300.0,91.35802469135803,99.2117117117117,98.02176063303659,98.43400447427292,97.49455337690631,97.3744292237443,91.35802469135803,98.53603603603604,97.76357827476039,0.0,96.30872483221476,0.2633509447510828,0.12581548434723638,0.0,2.1383343303319506,0.1950507666181193,0.45327158209257745,0.698545637404748,0.49919125217383314,0.5231250793328579,2.1383343303319506,0.3901015332362324,0.3194888178913793,0.0,1.677852348993298,3
d9f6603b,momentum,0.03,[64],1,tanh,50890,97.73761713520749,99.15654182146802,288.3333333333333,89.50617283950618,98.9864864864865,98.3184965380811,97.98657718120806,97.82135076252723,97.6027397260274,89.50617283950618,98.1981981981982,97.55058572949947,0.0,96.86800894854586,0.12909840376162154,0.10626574198471216,20.207259421636905,2.1383343303319506,0.3378378378378386,0.7467689846954266,0.33557046979865923,0.49919125217384086,0.5931680847838596,2.1383343303319506,0.5160558215040356,0.8040292263334058,0.0,1.0251847192295036,3
11173701,momentum,0.1,[64],1,tanh,50890,97.73761713520749,99.43100043511731,182.66666666666666,90.74074074074075,98.87387387387388,98.3184965380811,97.7628635346756,97.1677559912854,97.71689497716893,90.74074074074075,98.64864864864865,98.08306709265177,0.0,96.53243847874721,0.3415622710086488,0.11637941326582148,32.501282025996034,1.8518518518518565,0.5160558215040368,0.7467689846954266,0.5125923596147395,1.2372349337255413,0.8618532460354709,1.8518518518518565,0.6756756756756772,0.553370865037971,0.0,1.7220139058546622,3
fb930d08,rmsprop,0.001,[64],1,tanh,50890,97.73761713520749,99.27034173444456,98.33333333333333,88.8888888888889,99.09909909909909,98.81305637982196,97.0917225950783,97.05882352941177,97.8310502283105,88.8888888888889,98.64864864864865,97.76357827476039,0.0,97.0917225950783,0.22118757218016372,0.12105058285654684,7.505553499465134,1.851851851851853,0.1950507666181162,0.2967359050445104,0.19374170107034305,0.6535947712418277,0.7908907797118121,1.851851851851853,0.3378378378378386,0.9584664536741201,0.0,1.68900099223059,3
919b3121,momentum,0.3,[64],1,tanh,50890,97.73761713520749,99.03939485222747,79.66666666666667,90.12345679012346,98.64864864864865,98.91196834817013,97.31543624161073,97.7124183006536,97.71689497716896,90.12345679012346,98.1981981981982,98.29605963791268,0.0,96.30872483221476,0.0927470311951115,0.3248024512222276,25.540817005987364,2.828750428985086,0.3378378378378386,0.1713205546556825,0.3355704697986539,0.6535947712418277,0.523125079332861,2.828750428985086,0.703265540360183,0.6650690094140971,0.0,0.8878360104243599,3
f1210686,rmsprop,0.0003,[64],1,tanh,50890,97.69745649263722,99.24356528433243,187.33333333333334,88.2716049382716,98.9864864864865,98.7141444114738,97.42729306487696,97.38562091503267,97.71689497716893,88.2716049382716,98.31081081081079,97.65708200212993,0.0,96.97986577181207,0.1623073045914622,0.09055627578718814,14.502873278538058,1.0691671651659733,0.6756756756756772,0.45327158209256313,0.5125923596147491,1.178284730543784,0.19772269492795663,1.0691671651659733,0.3378378378378386,0.48802723055973496,0.0,0.581225103211026,3
60a4b40d,gd,1.0,[64],2,tanh,50890,97.65729585006693,98.45700706228872,141.0,91.35802469135803,98.87387387387388,98.21958456973294,98.09843400447427,97.49455337690631,96.91780821917808,91.35802469135803,98.1981981981982,97.65708200212993,0.0,96.86800894854586,0.2581968075232418,0.08053826967578552,19.05255888325765,3.854937036048393,0.1950507666181193,0.29673590504451397,0.6985456374047403,0.7547062342348032,0.0,3.854937036048393,0.703265540360183,0.48802723055973496,0.0,1.0251847192294998,3
bd1bf410,gd,0.3,[64],2,tanh,50890,97.65729585006693,98.3264718679921,272.0,88.8888888888889,98.76126126126125,97.62611275964393,98.32214765100672,97.93028322440087,97.3744292237443,88.8888888888889,98.53603603603604,97.65708200212993,0.0,96.64429530201342,0.11593378899389399,0.29125159711895116,30.805843601498726,4.899539464934426,0.1950507666181162,0.8902077151335313,0.581225103211026,0.6802830063614854,0.39544538985591016,4.899539464934426,0.5160558215040356,0.18445695501266418,0.0,1.2099165353906038,3
78e2908d,adam,0.003,"[256, 128]",1,tanh,235146,97.64390896921016,98.78167151989824,58.333333333333336,93.82716049382715,99.09909909909909,98.3184965380811,97.31543624161073,97.38562091503267,96.91780821917808,93.82716049382715,98.53603603603604,96.91160809371672,0.0,97.31543624161075,0.46373515597560877,0.20732845554705892,16.041612554021288,4.276668660663891,0.1950507666181162,0.9065431641851432,1.2099165353906005,1.3071895424836608,0.0,4.276668660663891,0.5160558215040368,0.8040292263334209,0.0,0.6711409395973131,3
27c8d27c,gd,0.1,"[128, 64, 32]",1,tanh,111146,97.64390896921016,99.36740636610101,295.3333333333333,90.12345679012346,98.76126126126125,98.41740850642928,96.97986577181207,97.27668845315903,97.94520547945206,90.12345679012346,98.53603603603604,97.76357827476038,0.0,96.75615212527964,0.3344041766210725,0.07240789789063536,8.082903768654765,5.9528708401191,0.1950507666181193,0.34264110931134245,0.5812251032110353,1.1476747007464847,0.342465753424662,5.9528708401191,0.7032655403601821,0.5533708650379885,0.0,1.270449294362479,3
adc4f435,adam,0.003,[128],2,tanh,101770,97.61713520749664,98.1992837299595,61.0,92.5925925925926,99.09909909909909,97.92284866468843,97.87472035794184,97.38562091503267,97.71689497716893,92.5925925925926,98.53603603603604,96.91160809371672,0.0,96.42058165548099,0.11593378899390323,0.14105370355594846,9.848857801796104,3.2075014954979237,0.39010153323623553,0.5934718100890262,0.19374170107034816,1.4244767789348547,0.19772269492795866,3.2075014954979237,1.3653553663268148,0.4880272305597295,0.0,2.183358086794531,3
fd4cd4bf,adam,0.001,[64],1,tanh,50890,97.6037483266399,99.29711818455668,79.0,90.74074074074075,99.09909909909909,99.0108803165183,97.20357941834452,96.73202614379085,97.6027397260274,90.74074074074075,97.97297297297297,97.33759318423854,0.0,96.97986577181207,0.34625213270087296,0.02656643549618408,9.643650760992955,1.8518518518518565,0.5160558215040368,0.6177050443519614,0.5125923596147417,1.4975737565215157,0.9060792161180082,1.8518518518518565,0.8938349023866881,0.48802723055972563,0.0,0.6711409395973167,3
c37d8a0a,rmsprop,0.003,[64],2,tanh,50890,97.57697456492637,98.095524985775,79.66666666666667,91.9753086419753,98.53603603603604,98.02176063303659,97.98657718120806,96.84095860566448,97.71689497716896,91.9753086419753,98.64864864864865,98.08306709265175,0.0,95.74944071588368,0.19810774547454696,0.1657046396155749,13.05118130030126,3.8549370360483897,0.8502065805485116,0.617705044351975,0.3355704697986557,0.6802830063614851,0.7128993148856582,3.8549370360483897,0.3378378378378386,0.8452879588065816,0.0,0.512592359614746,3
21fe32ad,gd,1.0,[64],1,tanh,50890,97.5635876840696,99.37744753489307,161.33333333333334,91.35802469135803,98.76126126126125,98.51632047477744,97.87472035794184,96.84095860566448,97.71689497716896,91.35802469135803,98.31081081081082,97.33759318423854,0.0,96.19686800894856,0.36440850304728095,0.13509010992141346,35.5715241918776,3.854937036048393,0.5160558215040356,0.5139616639670249,0.19374170107035432,0.4991912521738362,0.5231250793328576,3.854937036048393,1.0135135135135052,0.48802723055972563,0.0,1.397091274809491,3
135c57e4,gd,0.3,[64],1,tanh,50890,97.53681392235609,99.12641831509188,280.3333333333333,88.27160493827161,99.09909909909909,98.21958456973293,98.09843400447426,96.51416122004356,97.71689497716893,88.27160493827161,98.1981981981982,97.55058572949947,0.0,96.53243847874721,0.23531989064587702,0.07028818154432896,17.897858344878397,2.138334330331953,0.1950507666181162,0.5139616639670362,0.387483402140683,0.9983825043476767,0.19772269492795252,2.138334330331953,0.3901015332362324,0.8040292263334058,0.0,1.7220139058546642,3
db18435a,rmsprop,0.003,[64],1,tanh,50890,97.51004016064257,98.86869498276265,64.0,90.74074074074075,98.76126126126125,98.61523244312563,97.20357941834453,97.7124183006536,97.8310502283105,90.74074074074075,98.31081081081079,97.33759318423854,0.0,95.41387024608503,0.18403918453637635,0.22143755942060814,17.349351572897472,3.2075014954979237,0.1950507666181162,0.17132055465566814,1.3561919074924096,0.32679738562090677,0.39544538985591327,3.2075014954979237,0.6756756756756772,0.36891391002533247,0.0,1.3561919074924202,3
34832907,adam,0.001,[64],2,tanh,50890,97.51004016064257,98.42688355591258,102.33333333333333,90.74074074074075,98.31081081081079,98.21958456973294,97.76286353467562,97.27668845315903,96.91780821917808,90.74074074074075,97.74774774774774,97.97657082002131,0.0,96.97986577181207,0.2236049944911594,0.10830196932331156,17.672954855748753,3.703703703703699,0.5851522998543518,0.5934718100890244,0.19374170107035021,0.18867655855869647,0.6849315068493134,3.703703703703699,1.4065310807203513,0.665069009414098,0.0,1.46271776628882,3
ded31648,momentum,0.3,[64],2,tanh,50890,97.4966532797858,98.27291896776785,112.33333333333333,91.35802469135803,98.1981981981982,97.92284866468843,97.65100671140941,96.73202614379085,97.03196347031962,91.35802469135803,99.2117117117117,97.12460063897764,0.0,97.20357941834452,0.7074811385126495,0.4471421644384426,43.87862045841156,5.345835825829869,0.7032655403601821,0.29673590504451575,1.209916535390597,0.3267973856209174,0.9886134746397759,5.345835825829869,0.5160558215040368,1.3926194707797739,0.0,1.0251847192294858,3
c4afcc8a,gd,0.1,[256],2,tanh,203530,97.46987951807228,98.01519563543862,300.0,81.48148148148148,98.87387387387388,97.62611275964393,97.42729306487696,98.14814814814815,97.71689497716896,81.48148148148148,98.87387387387388,97.33759318423854,0.0,96.64429530201342,0.36807836907275776,0.19218632687292989,0.0,5.555555555555561,0.39010153323623553,0.7850894098114567,0.5125923596147453,1.0505066188445527,0.7128993148856582,5.555555555555561,0.7032655403601821,0.6650690094141007,0.0,2.2004827262758315,3
16919cae,gd,0.1,"[128, 64, 32]",2,tanh,111146,97.42971887550202,98.8117950262744,300.0,87.03703703703702,98.64864864864865,97.92284866468843,97.76286353467562,97.27668845315903,96.91780821917808,87.03703703703702,98.31081081081079,97.55058572949947,0.0,96.86800894854586,0.24096385542168797,0.14631651768513973,0.0,8.486251286955252,0.6756756756756772,1.069896520909201,1.1784847598269224,0.8224220517724024,0.34246575342466556,8.486251286955252,0.6756756756756772,0.976054461119454,0.0,1.8481780360020479,3
a699cd34,adam,0.003,[64],1,tanh,50890,97.41633199464525,98.67456571944975,65.0,90.12345679012346,98.76126126126125,98.51632047477744,96.97986577181207,96.29629629629629,97.6027397260274,90.12345679012346,98.1981981981982,98.08306709265175,0.0,96.08501118568233,0.3119459222953534,0.2522312819977988,19.672315572906,2.828750428985086,0.5160558215040356,0.5934718100890279,0.8878360104243659,1.644844103544826,1.2347778340630124,2.828750428985086,0.39010153323623553,1.1067417300759563,0.0,2.7123838149848147,3
cf737cf5,gd,0.1,[256],1,tanh,203530,97.37617135207496,98.45366000602469,300.0,83.95061728395062,98.87387387387388,98.21958456973294,96.97986577181207,97.60348583877995,97.6027397260274,83.95061728395062,98.31081081081079,97.01810436634717,0.0,96.75615212527964,0.2849236499838459,0.07842403530380755,0.0,3.854937036048389,0.5160558215040392,0.5139616639670341,0.6711409395973185,1.2372349337255562,0.3424657534246496,3.854937036048389,0.6756756756756772,0.1844569550126447,0.0,1.8481780360020463,3
0f6fc376,adam,0.003,"[128, 64, 32]",1,tanh,111146,97.3627844712182,98.54403052515313,65.33333333333333,89.50617283950618,98.42342342342342,98.61523244312563,97.42729306487695,96.07843137254902,96.80365296803653,89.50617283950618,98.42342342342342,97.44408945686901,0.0,96.97986577181207,0.10106873407323895,0.3878543611974614,27.465129406819358,2.1383343303319506,0.5160558215040356,0.3426411093113445,1.0251847192294834,2.1429537661117704,0.7128993148856584,2.1383343303319506,1.2790334112162742,1.3926194707797714,0.0,1.2099165353905974,3
6dcd646d,rmsprop,0.003,"[128, 64, 32]",2,tanh,111146,97.32262382864792,98.53064230009706,76.0,89.50617283950618,98.53603603603604,98.12067260138478,96.97986577181207,97.49455337690631,96.34703196347031,89.50617283950618,98.64864864864865,96.69861554845579,0.0,97.0917225950783,0.1981077454745443,0.3440962675922211,20.074859899884732,3.854937036048397,0.1950507666181193,0.17132055465568558,1.0067114093959795,1.3207359099109066,2.4774582664624076,3.854937036048397,0.5851522998543518,0.6650690094141031,0.0,1.937417010703453,3
4011e40a,adam,0.003,"[256, 128]",2,tanh,235146,97.28246318607763,97.76081935937343,66.33333333333333,89.50617283950618,98.76126126126125,97.52720079129574,97.53914988814317,96.84095860566448,96.23287671232877,89.50617283950618,98.64864864864865,97.44408945686901,0.0,96.64429530201342,0.46373515597559856,0.27296469964991954,22.120880030716076,2.828750428985085,1.0321116430080748,0.9538724788321404,0.6985456374047341,1.9698411023992566,0.5931680847838626,2.828750428985085,1.0135135135135158,0.3194888178913793,0.0,0.5812251032110404,3
e1666d98,gd,0.1,[128],1,tanh,101770,97.08165997322624,98.37667771195233,300.0,83.95061728395062,98.64864864864865,97.92284866468843,96.75615212527964,97.27668845315905,97.3744292237443,83.95061728395062,97.97297297297297,97.55058572949946,0.0,95.41387024608503,0.37315555193484035,0.13104911437193176,0.0,1.0691671651659702,0.5851522998543518,0.5934718100890279,0.6985456374047505,1.3207359099109093,0.7908907797118234,1.0691671651659702,0.3378378378378386,0.4880272305597288,0.0,2.0227227427321193,3
9932437d,rmsprop,0.003,[256],0,tanh,203530,97.04149933065595,99.48790039160558,61.666666666666664,83.33333333333333,98.31081081081082,98.41740850642928,96.64429530201342,96.62309368191723,96.91780821917808,83.33333333333333,98.1981981981982,97.44408945686901,0.0,96.08501118568233,0.2021374681464779,0.06270707900791761,9.018499505645789,1.8518518518518565,0.893834902386678,0.6852822186227023,0.5812251032110363,0.9983825043476725,0.9060792161180156,1.8518518518518565,0.8502065805485056,0.8452879588065728,0.0,2.157416277627061,3
8659fd8b,adam,0.003,"[128, 64, 32]",2,tanh,111146,97.01472556894244,97.40937845165178,59.0,87.03703703703702,98.87387387387388,98.3184965380811,97.53914988814319,95.7516339869281,96.00456621004567,87.03703703703702,98.31081081081079,97.97657082002131,0.0,94.96644295302013,0.202137468146476,0.1281970612993564,3.605551275463989,5.555555555555554,0.1950507666181162,0.17132055465567123,0.5125923596147429,1.307189542483659,0.7128993148856602,5.555555555555554,0.5851522998543518,0.18445695501265905,0.0,1.1624502064220694,3
88365832,adam,0.001,"[256, 128]",0,tanh,235146,97.00133868808568,99.8293001305352,86.66666666666667,83.33333333333333,98.42342342342342,98.7141444114738,96.75615212527964,96.18736383442267,97.3744292237443,83.33333333333333,97.63513513513514,97.33759318423854,0.0,95.8612975391499,0.29602870665991043,0.06270707900792387,42.01587001756995,3.2075014954979237,0.7802030664724681,0.3426411093113465,0.8445004961153,1.9148579336870337,0.523125079332863,3.2075014954979237,0.8938349023866733,0.9760544611194564,0.0,1.3970912748094897,3
ce1f572a,momentum,0.3,[256],1,tanh,203530,96.93440428380188,98.31308364293604,103.66666666666667,31.48148148148148,98.87387387387388,98.81305637982196,97.76286353467562,98.47494553376907,98.74429223744293,31.48148148148148,98.76126126126125,97.97657082002131,0.0,97.65100671140941,1.3040361217484038,1.2631534918575313,10.214368964029708,54.52752542346465,0.1950507666181193,0.5934718100890226,0.6985456374047408,0.37735311711740727,0.19772269492795866,54.52752542346465,0.1950507666181193,0.8040292263334152,0.0,0.33557046979865923,3
e3eb1424,adam,0.003,[64],2,tanh,50890,96.92101740294511,97.57003715232453,76.66666666666667,88.27160493827161,97.74774774774774,97.82393669634025,97.53914988814319,96.07843137254902,97.71689497716893,88.27160493827161,98.31081081081079,96.27263045793397,0.0,95.41387024608503,0.40227521288665957,0.30637908027698113,17.009801096230767,4.276668660663898,0.1950507666181162,0.7467689846954301,0.5125923596147406,1.1320593513522137,1.0462501586657158,4.276668660663898,0.8938349023866881,1.2095651428754532,0.0,3.007680013366608,3
a77b383a,gd,0.1,[128],2,tanh,101770,96.90763052208835,97.76081935937343,300.0,77.1604938271605,98.42342342342342,97.52720079129574,96.86800894854586,97.60348583877995,97.14611872146118,77.1604938271605,98.53603603603604,97.01810436634719,0.0,95.63758389261746,0.24096385542169685,0.21253148396944313,0.0,2.828750428985085,0.7032655403601796,0.617705044351975,0.8445004961153036,0.8224220517724135,0.19772269492795866,2.828750428985085,1.1864474946906187,0.36891391002531193,0.0,1.7436753096331028,3
bca806be,gd,0.1,[64],1,tanh,50890,96.86746987951807,98.03193091675871,300.0,82.71604938271605,98.87387387387388,97.62611275964393,96.53243847874721,96.73202614379085,96.68949771689499,82.71604938271605,97.97297297297297,97.01810436634717,0.0,95.97315436241611,0.49350223804998145,0.06956725806080404,0.0,6.503489970896752,0.1950507666181193,0.513961663967028,0.3874834021406974,1.1320593513522013,0.7128993148856713,6.503489970896752,0.8938349023866881,0.8040292263334242,0.0,2.0134228187919536,3
397d6f86,adam,0.001,"[128, 64, 32]",0,tanh,111146,96.86746987951807,99.79248251163102,72.0,86.41975308641975,98.42342342342342,98.51632047477744,96.42058165548099,96.07843137254902,96.46118721461187,86.41975308641975,97.52252252252252,97.01810436634717,0.0,96.19686800894856,0.21251014546703198,0.0740146078505051,31.0,2.8287504289850784,0.8502065805485082,0.2967359050445104,0.8445004961152981,0.8646246114590148,0.19772269492795252,2.8287504289850784,0.5160558215040286,0.1844569550126447,0.0,1.1784847598269332,3
8a98b2d6,adam,0.001,[256],0,tanh,203530,96.85408299866133,99.68537671118251,78.0,80.24691358024693,98.64864864864865,98.21958456973294,96.86800894854586,96.51416122004356,96.91780821917808,80.24691358024693,97.74774774774774,96.91160809371672,0.0,95.8612975391499,0.18109436758324893,0.06685739651048556,8.888194417315589,3.8549370360483994,0.5851522998543518,0.5934718100890191,1.2704492943624797,0.7547062342348032,0.5931680847838698,3.8549370360483994,0.5160558215040326,0.36891391002531504,0.0,1.7220139058546622,3
d256769c,adam,0.0003,"[256, 128]",0,tanh,235146,96.82730923694778,99.82260601800715,110.33333333333333,83.95061728395062,97.74774774774774,98.21958456973294,96.42058165548099,96.62309368191721,96.68949771689499,83.95061728395062,97.52252252252254,97.33759318423854,0.0,96.19686800894856,0.36807836907275776,0.04180471933860046,22.854612955229264,3.854937036048394,0.7802030664724567,0.2967359050445193,1.1784847598269332,1.0505066188445502,0.5231250793328622,3.854937036048394,0.7032655403601756,1.2095651428754475,0.0,1.3561919074924167,3
d6fcb5c5,rmsprop,0.003,"[256, 128]",0,tanh,235146,96.77376171352074,99.62512969843023,43.333333333333336,87.03703703703702,98.1981981981982,98.12067260138478,96.86800894854586,96.2962962962963,96.23287671232875,87.03703703703702,97.74774774774774,97.01810436634719,0.0,95.3020134228188,0.20213746814646966,0.10157640262070483,6.027713773341707,1.8518518518518476,0.1950507666181193,0.17132055465568558,0.6985456374047392,1.3207359099109093,0.34246575342466556,1.8518518518518476,0.5160558215040283,0.976054461119461,0.0,1.8683773029631001,3
92792dbe,rmsprop,0.001,[256],0,tanh,203530,96.73360107095046,99.48790039160558,74.0,81.48148148148148,98.1981981981982,98.02176063303659,96.53243847874721,96.07843137254902,97.14611872146118,81.48148148148148,97.40990990990991,97.44408945686901,0.0,95.63758389261744,0.04637351559756601,0.06584434706599318,10.583005244258363,1.8518518518518583,0.5160558215040392,0.617705044351975,0.6985456374047514,1.1320593513522055,0.5231250793328587,1.8518518518518583,0.8502065805485023,0.8452879588065743,0.0,1.8683773029630917,3
daee9d1c,rmsprop,0.001,"[128, 64, 32]",0,tanh,111146,96.7202141900937,99.73892961140677,75.33333333333333,85.18518518518519,97.97297297297297,98.51632047477744,96.08501118568233,96.51416122004359,96.23287671232875,85.18518518518519,97.40990990990991,96.91160809371672,0.0,95.97315436241611,0.1410395415375232,0.0920288321107699,38.68246803570493,1.8518518518518476,0.5851522998543415,0.2967359050445104,1.0787081388135373,1.3207359099109,0.342465753424662,1.8518518518518476,0.3901015332362324,0.4880272305597226,0.0,1.0067114093959777,3
57bc0a61,rmsprop,0.003,[128],0,tanh,101770,96.70682730923694,99.54480034809386,49.0,83.95061728395062,97.97297297297297,98.51632047477744,96.42058165548099,96.2962962962963,96.57534246575342,83.95061728395062,97.74774774774774,96.6986155484558,0.0,95.52572706935122,0.06956027339634029,0.07052685177797069,8.18535277187245,1.0691671651659702,0.3378378378378386,0.2967359050445104,0.8445004961152981,1.5094124684696035,0.9060792161180209,1.0691671651659702,0.7032655403601719,0.9760544611194598,0.0,1.3561919074924125,3
9eaf4177,rmsprop,0.001,"[256, 128]",0,tanh,235146,96.6532797858099,99.66529437359843,45.666666666666664,82.09876543209877,97.97297297297297,98.51632047477744,96.19686800894856,96.07843137254902,96.68949771689496,82.09876543209877,97.97297297297297,97.01810436634719,0.0,95.19015659955257,0.31194592229534945,0.09648582726110332,8.144527815247077,1.0691671651659844,0.5851522998543415,0.5934718100890244,0.19374170107035021,2.2875816993464095,0.8618532460354791,1.0691671651659844,0.8938349023866813,0.976054461119461,0.0,1.397091274809487,3
8c7a6784,momentum,0.3,"[128, 64, 32]",0,tanh,111146,96.63989290495316,99.66864142986243,93.33333333333333,85.80246913580247,97.86036036036036,98.41740850642928,96.08501118568233,96.2962962962963,96.57534246575342,85.80246913580247,97.74774774774774,96.69861554845579,0.0,95.19015659955257,0.20213746814646494,0.09889404359670315,38.214307966170644,1.0691671651659702,0.5160558215040295,0.453271582092572,0.8445004961153036,0.6802830063614783,0.684931506849324,1.0691671651659702,0.9752538330905791,0.7378278200506362,0.0,1.397091274809487,3
7e6dcdba,gd,0.1,[64],2,tanh,50890,96.63989290495313,97.3959902265957,300.0,77.77777777777779,98.87387387387388,97.42828882294758,96.64429530201342,96.62309368191721,96.91780821917808,77.77777777777779,97.97297297297297,96.80511182108626,0.0,95.19015659955257,0.06134639484545892,0.18578423652144815,0.0,3.2075014954979237,0.1950507666181162,0.3426411093113537,0.6711409395973238,1.3207359099109026,0.342465753424662,3.2075014954979237,0.6756756756756719,1.3926194707797657,0.0,1.8481780360020488,3
8ae74113,adam,0.0003,[256],0,tanh,203530,96.62650602409639,99.62847675469425,89.66666666666667,79.62962962962963,98.08558558558559,98.21958456973294,96.42058165548099,96.51416122004359,97.03196347031964,79.62962962962963,97.52252252252252,97.01810436634719,0.0,95.07829977628636,0.2811244979919678,0.053132870992366146,29.905406423142512,3.7037037037037095,0.7032655403601756,0.5139616639670341,0.8445004961152943,0.18867655855869647,0.39544538985591327,3.7037037037037095,0.5160558215040325,0.6650690094140996,0.0,1.5858441698834236,3
902da81d,rmsprop,0.003,"[128, 64, 32]",0,tanh,111146,96.5863453815261,99.76570606151888,53.666666666666664,86.41975308641975,97.97297297297297,98.41740850642928,96.19686800894856,95.96949891067538,96.46118721461187,86.41975308641975,97.97297297297297,97.01810436634719,0.0,94.29530201342281,0.1840391845363721,0.023189086020263566,7.6376261582597325,2.1383343303319404,0.893834902386678,0.453271582092572,1.0787081388135324,1.969841102399252,0.5231250793328653,2.1383343303319404,0.3378378378378386,0.976054461119461,0.0,1.5377770788442422,3
0ab70b95,adam,0.001,[128],0,tanh,101770,96.50602409638554,99.60839441711016,55.333333333333336,82.09876543209877,98.1981981981982,98.21958456973294,95.19015659955257,96.73202614379085,96.57534246575342,82.09876543209877,97.97297297297297,96.37912673056444,0.0,95.19015659955257,0.12048192771084132,0.08753688007914312,5.507570547286101,2.1383343303319506,1.0859967073190209,0.0,0.6985456374047374,0.8646246114590155,0.34246575342465846,2.1383343303319506,0.3378378378378386,1.5760009144780311,0.0,1.5131710579942654,3
6cf4e5e8,adam,0.0003,"[128, 64, 32]",0,tanh,111146,96.50602409638554,99.78244134283898,76.0,80.24691358024693,97.63513513513514,98.41740850642928,95.86129753914987,96.29629629629629,96.68949771689499,80.24691358024693,97.63513513513514,96.4856230031949,0.0,95.74944071588368,0.1448012560427313,0.08772863689180221,34.219877264537345,2.1383343303319435,0.0,0.453271582092572,0.19374170107033586,1.644844103544826,0.5231250793328622,2.1383343303319435,1.013513513513507,1.1067417300759665,0.0,1.0787081388135324,3
15ab68c8,adam,0.003,"[256, 128]",0,tanh,235146,96.50602409638554,99.41426515379725,46.0,84.5679012345679,98.64864864864865,98.02176063303659,95.8612975391499,96.18736383442267,96.68949771689499,84.5679012345679,97.86036036036036,96.27263045793397,0.0,94.51901565995526,0.25080313246579655,0.08116180107093611,3.0,3.8549370360483897,0.3378378378378386,0.9538724788321398,0.7749668042813742,0.7547062342348032,1.6184300089906174,3.8549370360483897,0.5160558215040295,0.6650690094141031,0.0,2.540898588724958,3
b6f26394,momentum,0.3,[128],0,tanh,101770,96.47925033467202,99.4276533788533,82.33333333333333,80.8641975308642,97.97297297297297,98.02176063303659,96.64429530201342,95.96949891067538,96.34703196347031,80.8641975308642,97.74774774774774,97.01810436634717,0.0,94.7427293064877,0.1226927896909128,0.1048328798966782,31.895663237081827,2.1383343303319484,0.893834902386678,0.617705044351975,0.33557046979865923,0.9433827927935069,0.5231250793328653,2.1383343303319484,0.7032655403601733,1.1220078544039156,0.0,1.025184719229492,3
5841bf83,momentum,0.3,"[256, 128]",0,tanh,235146,96.47925033467202,99.54480034809386,57.666666666666664,82.09876543209877,97.63513513513514,98.41740850642928,95.86129753914987,95.64270152505446,96.68949771689499,82.09876543209877,97.74774774774774,97.01810436634719,0.0,95.19015659955257,0.02318675779878454,0.06533193190729533,12.583057392117917,5.9528708401191075,0.3378378378378297,0.7467689846954282,0.512592359614746,1.5443841915858183,0.9886134746397759,5.9528708401191075,0.7032655403601733,0.976054461119461,0.0,1.3561919074924023,3
fc36eec5,adam,0.003,[256],2,tanh,203530,96.4524765729585,96.94079057468957,56.0,28.395061728395063,99.2117117117117,98.02176063303659,97.98657718120806,97.60348583877995,97.14611872146118,28.395061728395063,98.87387387387388,98.08306709265177,0.0,96.75615212527964,1.0597642025710785,0.9014896994878009,13.74772708486752,49.18168959763479,0.1950507666181162,1.0421022505294557,0.6711409395973185,1.5443841915858183,1.046250158665721,49.18168959763479,0.5160558215040392,1.2779552715654887,0.0,1.5858441698834258,3
561f3538,momentum,0.1,"[256, 128]",0,tanh,235146,96.4524765729585,99.60504736084613,134.66666666666666,82.09876543209877,97.63513513513514,98.21958456973294,96.53243847874721,95.86056644880175,96.80365296803653,82.09876543209877,96.84684684684686,96.91160809371672,0.0,95.19015659955257,0.14103954153752185,0.10057890150494438,49.21720566360237,4.276668660663898,0.3378378378378297,0.785089409811454,0.8445004961152948,1.9967650086953528,0.7908907797118265,4.276668660663898,0.1950507666181162,1.1220078544039154,0.0,1.655329819569201,3
c2c07920,rmsprop,0.001,[128],0,tanh,101770,96.4524765729585,99.42095926632527,71.66666666666667,82.71604938271605,97.97297297297297,97.92284866468843,96.08501118568233,95.64270152505446,96.80365296803653,82.71604938271605,97.63513513513514,96.69861554845579,0.0,95.19015659955257,0.4423751443603302,0.19479177329652583,33.560889936551646,2.1383343303319484,0.893834902386678,0.5139616639670362,1.1784847598269297,1.2372349337255562,0.7908907797118265,2.1383343303319484,0.3378378378378297,0.36891391002531193,0.0,1.9374170107034385,3
a4d6cd5d,adam,0.003,[128],0,tanh,101770,96.43908969210175,99.54814740435786,40.333333333333336,82.09876543209877,98.42342342342342,98.12067260138478,95.74944071588368,96.40522875816994,95.77625570776256,82.09876543209877,97.40990990990991,96.91160809371672,0.0,95.07829977628636,0.16230730459146103,0.13053519429662247,6.658328118479392,4.660391626710333,0.8502065805485096,0.4532715820925728,0.5125923596147502,0.8646246114590121,1.2027002000973495,4.660391626710333,0.7032655403601719,1.4406548731063535,0.0,2.473528454977184,3
37b9c263,gd,1.0,[256],0,tanh,203530,96.43908969210173,99.32389463466882,162.66666666666666,80.8641975308642,98.31081081081079,98.02176063303659,95.97315436241611,95.86056644880175,96.91780821917808,80.8641975308642,97.18468468468468,96.69861554845579,0.0,95.1901565995526,0.12269278969092481,0.11767175975665725,5.507570547286106,1.0691671651659702,0.5851522998543518,0.8566027732783869,0.6711409395973202,1.360566012722963,0.342465753424662,1.0691671651659702,0.7802030664724587,0.665069009414108,0.0,1.7220139058546622,3
ec25439c,gd,1.0,[128],0,tanh,101770,96.42570281124499,99.45108277270141,232.0,80.8641975308642,98.31081081081079,98.3184965380811,95.52572706935125,96.2962962962963,96.68949771689499,80.8641975308642,97.29729729729729,96.37912673056444,0.0,95.19015659955257,0.2442876518192034,0.06685739651048875,15.716233645501712,4.660391626710346,0.5851522998543518,0.6177050443519682,0.19374170107034816,1.858248595776906,0.19772269492795866,4.660391626710346,0.33783783783782795,1.4406548731063593,0.0,1.966263515799433,3
3690a79d,rmsprop,0.0003,"[128, 64, 32]",0,tanh,111146,96.39892904953145,99.65860026107039,69.33333333333333,82.09876543209877,97.97297297297297,98.21958456973294,96.19686800894856,96.84095860566448,96.00456621004567,82.09876543209877,97.18468468468468,96.4856230031949,0.0,94.63087248322148,0.12269278969092869,0.05020584396023331,11.590225767142474,1.0691671651659844,0.893834902386678,0.29673590504452463,0.6985456374047497,0.6802830063614851,0.7128993148856547,1.0691671651659844,0.1950507666181162,1.1519333148447237,0.0,1.2099165353905974,3
62dc9346,gd,1.0,"[256, 128]",0,tanh,235146,96.37215528781793,99.52471801050974,126.33333333333333,79.01234567901236,97.74774774774774,98.21958456973294,96.08501118568233,96.07843137254902,96.91780821917808,79.01234567901236,97.18468468468468,96.6986155484558,0.0,94.96644295302013,0.418005220776326,0.20684157787570145,71.59143337951359,4.660391626710348,0.5160558215040353,0.29673590504452463,1.3561919074924096,1.729249222918033,1.0273972602739754,4.660391626710348,0.7032655403601804,1.2911986850886212,0.0,2.041195479965837,3
20f144cb,adam,0.003,[256],0,tanh,203530,96.35876840696118,99.41091809753323,47.0,84.56790123456791,97.07207207207206,97.92284866468843,95.8612975391499,95.31590413943354,96.68949771689499,84.56790123456791,97.63513513513514,96.59211927582537,0.0,95.74944071588367,0.29052924249278067,0.1463165176851329,11.532562594670797,1.0691671651659733,1.1864474946906187,0.2967359050445122,1.3970912748094897,1.7998596559758495,0.39544538985591327,1.0691671651659733,0.893834902386678,1.2911986850886208,0.0,1.6890009922305942,3
f5e678e6,rmsprop,0.0003,[256],0,tanh,203530,96.34538152610442,99.32389463466882,126.66666666666667,79.62962962962963,97.97297297297297,97.92284866468843,95.86129753914987,96.40522875816994,96.68949771689499,79.62962962962963,96.95945945945947,96.80511182108626,0.0,94.96644295302013,0.12048192771084132,0.18686648394695257,52.84253337353663,0.0,0.5851522998543415,0.5934718100890279,0.512592359614746,0.8646246114590121,0.5231250793328684,0.0,0.6756756756756683,0.8452879588065897,0.0,1.7436753096330884,3
b4828dca,momentum,0.1,[256],0,tanh,203530,96.33199464524766,99.39752987247715,207.0,79.01234567901236,98.31081081081082,97.92284866468843,96.08501118568233,96.18736383442267,96.57534246575342,79.01234567901236,97.07207207207209,96.59211927582534,0.0,94.85458612975391,0.06134639484546124,0.07028818154433532,80.88881257627658,1.0691671651659702,0.893834902386678,0.51396166396703,0.6985456374047476,1.050506618844545,0.342465753424662,1.0691671651659702,0.8502065805485023,0.7378278200506444,0.0,1.397091274809477,3
cd6dfcb5,rmsprop,0.0003,"[256, 128]",0,tanh,235146,96.31860776439089,99.56488268567796,88.0,78.39506172839506,97.97297297297297,98.3184965380811,96.30872483221476,95.86056644880175,95.77625570776256,78.39506172839506,97.52252252252252,96.59211927582534,0.0,95.19015659955257,0.08360104415527196,0.14069585003168927,20.784609690826528,2.8287504289850895,1.013513513513507,0.7467689846954286,0.8878360104243667,1.914857933687027,1.3840588644956746,2.8287504289850895,0.5160558215040286,1.3301380188282041,0.0,1.397091274809487,3
ee8c2779,gd,1.0,"[128, 64, 32]",0,tanh,111146,96.31860776439089,99.67198848612645,139.0,77.77777777777779,98.42342342342342,98.12067260138478,95.63758389261744,95.96949891067538,96.23287671232877,77.77777777777779,97.74774774774774,96.59211927582534,0.0,94.96644295302013,0.023186757798788645,0.11286083140936681,64.8613906727261,3.2075014954979237,0.5160558215040356,0.4532715820925728,0.33557046979865923,1.237234933725547,1.5693752379985688,3.2075014954979237,0.5160558215040326,0.48802723055972647,0.0,0.8878360104243572,3
faeff033,rmsprop,0.0003,[128],0,tanh,101770,96.30522088353415,99.39752987247715,135.66666666666666,81.48148148148148,97.86036036036036,98.12067260138475,96.08501118568233,96.07843137254902,96.34703196347033,81.48148148148148,96.95945945945947,96.37912673056444,0.0,95.07829977628636,0.28112449799196554,0.18433135606673012,47.120413127787124,1.8518518518518583,0.8502065805485023,0.3426411093113681,1.0787081388135313,1.3071895424836661,1.0462501586657134,1.8518518518518583,0.3378378378378386,1.29119868508862,0.0,2.131158711773789,3
6f93362e,adam,0.003,"[128, 64, 32]",0,tanh,111146,96.27844712182063,99.39083575994913,55.666666666666664,85.18518518518518,97.74774774774774,98.3184965380811,95.63758389261746,95.42483660130718,96.68949771689499,85.18518518518518,98.42342342342342,96.27263045793397,0.0,93.51230425055928,0.09274703119511765,0.1470039914047366,11.71893055416463,3.2075014954979166,0.8502065805485048,0.7467689846954286,1.46271776628882,1.1320593513522106,0.5231250793328622,3.2075014954979166,1.365355366326812,1.759607203605776,0.0,3.8162689282398117,3
27b2f3c1,momentum,0.1,"[128, 64, 32]",0,tanh,111146,96.25167336010709,99.52471801050974,62.333333333333336,81.48148148148148,98.1981981981982,97.92284866468843,95.63758389261746,95.86056644880175,95.77625570776256,81.48148148148148,98.1981981981982,96.80511182108626,0.0,94.07158836689037,0.04637351559755678,0.04637817204053124,0.5773502691896247,3.7037037037037095,0.1950507666181162,0.29673590504451575,0.8878360104243633,1.1476747007464936,1.3840588644956746,3.7037037037037095,0.5160558215040368,0.8452879588065897,0.0,0.968708505351712,3
037decf4,rmsprop,0.003,[64],0,tanh,50890,96.23828647925033,99.48120627907754,44.666666666666664,82.09876543209877,97.86036036036036,98.81305637982196,95.63758389261746,95.53376906318083,96.23287671232875,82.09876543209877,97.07207207207209,96.4856230031949,0.0,94.51901565995524,0.30409147768675976,0.04745271238330499,0.5773502691896263,2.828750428985092,0.8502065805485023,0.29673590504450864,1.1624502064220603,0.8224220517724198,0.5931680847838678,2.828750428985092,0.7802030664724608,1.1519333148447302,0.0,2.1833580867945375,3
9c81fcd5,adam,0.0003,[128],0,tanh,101770,96.21151271753682,99.61508852963819,94.0,80.24691358024693,98.08558558558559,98.3184965380811,95.41387024608501,95.64270152505446,96.68949771689499,80.24691358024693,97.07207207207209,96.1661341853035,0.0,94.96644295302013,0.16720208831053512,0.02526972063885828,15.716233645501712,1.0691671651659702,0.8502065805485048,0.17132055465567123,0.968708505351709,0.9433827927935069,1.2027002000973461,1.0691671651659702,0.7802030664724608,1.2779552715654976,0.0,1.2099165353905965,3
c1e6a42b,gd,0.3,[128],0,tanh,101770,96.21151271753682,99.20340060916425,286.0,80.24691358024693,98.1981981981982,98.02176063303659,95.41387024608501,96.18736383442267,96.46118721461187,80.24691358024693,96.95945945945947,96.27263045793397,0.0,94.85458612975391,0.3817022069446667,0.15370970985314272,24.24871130596428,2.1383343303319404,0.1950507666181193,0.7467689846954277,0.5125923596147429,1.676993934459765,0.19772269492795252,2.1383343303319404,0.6756756756756666,1.1220078544039092,0.0,2.7123838149848143,3
c3cd965b,gd,0.3,"[256, 128]",0,tanh,235146,96.19812583668005,99.5113297854537,273.0,79.01234567901236,97.86036036036036,98.21958456973294,96.64429530201342,95.42483660130718,96.34703196347031,79.01234567901236,96.84684684684686,96.59211927582534,0.0,94.51901565995526,0.08360104415525917,0.055302445499409596,33.8673884437522,2.1383343303319435,0.5160558215040325,0.5139616639670341,0.8878360104243592,2.040849019084444,0.7128993148856678,2.1383343303319435,0.3901015332362324,1.2911986850886257,0.0,1.655329819569211,3
691dbbf1,rmsprop,0.001,[64],0,tanh,50890,96.19812583668005,99.39752987247716,62.333333333333336,78.39506172839508,97.86036036036035,98.21958456973294,96.08501118568233,95.09803921568628,97.3744292237443,78.39506172839508,97.40990990990991,96.80511182108626,0.0,93.73601789709171,0.22118757218016902,0.02656643549617468,6.027713773341707,4.660391626710348,0.39010153323623553,0.29673590504451397,1.0251847192294963,1.4975737565215264,0.39544538985590294,4.660391626710348,0.3901015332362324,0.8452879588065897,0.0,1.5858441698834236,3
d3a7c640,momentum,0.03,[256],0,tanh,203530,96.17135207496653,99.20340060916425,276.6666666666667,78.39506172839506,98.42342342342342,98.02176063303659,95.74944071588368,95.86056644880175,96.46118721461187,78.39506172839506,96.84684684684684,96.27263045793397,0.0,94.7427293064877,0.08360104415525775,0.20902359669305265,40.4145188432738,2.1383343303319546,0.7032655403601796,0.8566027732783869,0.5125923596147502,1.360566012722963,0.7128993148856713,2.1383343303319546,0.8502065805485112,0.8040292263334058,0.0,1.3561919074923998,3
afdf6912,momentum,0.03,"[128, 64, 32]",0,tanh,111146,96.13119143239625,99.59500619205409,197.66666666666666,80.8641975308642,97.97297297297297,97.92284866468843,95.19015659955257,95.53376906318083,96.68949771689499,80.8641975308642,97.40990990990991,96.69861554845579,0.0,94.18344519015659,0.1897917922189874,0.11105974510852058,88.73744042586158,5.657500857970179,0.5851522998543518,0.29673590504451397,1.0251847192294858,1.4736110303342844,1.5442636139804442,5.657500857970179,0.19505076661811316,0.9222847750633075,0.0,0.774966804281366,3
75149127,adam,0.001,[64],0,tanh,50890,96.07764390896921,99.5581885731499,65.66666666666667,76.5432098765432,98.08558558558559,98.21958456973294,95.30201342281879,95.53376906318083,95.89041095890411,76.5432098765432,96.95945945945947,96.69861554845579,0.0,95.19015659955257,0.2960287066599197,0.06270707900791533,8.144527815247079,2.828750428985086,0.7032655403601719,0.8902077151335384,2.095636912214221,1.4736110303342844,0.9060792161180116,2.828750428985086,0.675675675675663,0.9222847750633075,0.0,0.8445004961152849,3
084d6b9e,momentum,0.03,"[256, 128]",0,tanh,235146,96.07764390896921,99.46781805402149,259.3333333333333,79.62962962962963,97.86036036036035,98.12067260138478,95.86129753914987,95.53376906318083,96.1187214611872,79.62962962962963,96.95945945945947,96.4856230031949,0.0,94.40715883668902,0.24207685836714085,0.046014416055390576,35.44479275342618,3.703703703703713,0.39010153323623553,0.45327158209257357,0.512592359614746,1.9967650086953566,1.384058864495686,3.703703703703713,0.3378378378378386,1.1519333148447302,0.0,1.9081344641199123,3
0ba82ddf,momentum,0.1,[128],0,tanh,101770,96.06425702811244,99.2837299595006,120.0,80.24691358024693,97.97297297297297,98.12067260138478,95.52572706935122,95.7516339869281,95.89041095890411,80.24691358024693,96.95945945945947,96.1661341853035,0.0,94.7427293064877,0.2633509447510909,0.06533193190728832,25.357444666211933,3.8549370360484057,0.3378378378378386,0.6852822186227105,0.8445004961153015,1.4244767789348647,0.5931680847838555,3.8549370360484057,0.3378378378378386,0.9584664536741148,0.0,1.3561919074923998,3
a6c8642d,gd,0.3,"[128, 64, 32]",0,tanh,111146,96.06425702811244,99.53810623556582,145.0,79.62962962962963,97.74774774774774,97.82393669634025,94.85458612975391,95.7516339869281,96.34703196347033,79.62962962962963,97.40990990990991,96.80511182108626,0.0,94.51901565995524,0.17505618247151478,0.05590686176151672,15.588457268119896,3.2075014954979277,0.7032655403601756,0.3426411093113537,0.6985456374047403,1.3071895424836644,1.0462501586657134,3.2075014954979277,0.7802030664724608,0.9584664536741254,0.0,0.8445004961152985,3
acd1036b,gd,0.3,[256],0,tanh,203530,96.02409638554217,99.15319476520399,268.3333333333333,79.62962962962963,98.1981981981982,98.02176063303659,95.52572706935122,95.86056644880175,96.00456621004567,79.62962962962963,96.95945945945947,96.37912673056444,0.0,93.95973154362416,0.28112449799197187,0.1101481585962761,31.02149792213996,1.8518518518518476,0.7802030664724608,0.8566027732783869,0.7749668042813783,1.612053222979171,1.4257986297713225,1.8518518518518476,0.6756756756756683,0.6650690094140971,0.0,1.7756720208487131,3
5021e54b,rmsprop,0.0003,[64],0,tanh,50890,96.01070950468541,99.18331827158015,97.66666666666667,77.77777777777779,97.74774774774774,98.21958456973294,95.52572706935122,95.2069716775599,96.34703196347031,77.77777777777779,97.18468468468468,96.4856230031949,0.0,94.40715883668905,0.08360104415526912,0.20090703482221925,13.576941236277534,4.89953946493443,0.5160558215040326,0.7850894098114547,1.0787081388135211,0.8224220517724165,0.7908907797118265,4.89953946493443,0.7032655403601691,1.1067417300759665,0.0,0.8445004961152918,3
243890fd,momentum,0.03,[128],0,tanh,101770,96.01070950468541,99.21678883422031,285.0,79.01234567901234,98.08558558558559,98.02176063303659,95.07829977628636,96.07843137254902,96.1187214611872,79.01234567901234,96.84684684684686,96.27263045793397,0.0,94.40715883668902,0.26130148990553037,0.0702881815443447,25.98076211353316,4.276668660663891,0.7032655403601756,0.617705044351975,0.5125923596147557,0.6535947712418277,1.1008733745425723,4.276668660663891,0.39010153323623553,1.1220078544039092,0.0,1.9081344641199123,3
96169020,adam,0.0003,[64],0,tanh,50890,95.98393574297188,99.51802389798172,96.33333333333333,77.1604938271605,98.1981981981982,98.02176063303659,95.41387024608503,94.66230936819171,95.89041095890411,77.1604938271605,97.52252252252254,96.27263045793397,0.0,95.07829977628636,0.18403918453638063,0.111813723523051,12.013880860626733,2.828750428985088,0.1950507666181193,0.3426411093113537,1.1784847598269297,1.3207359099109093,0.9060792161180061,2.828750428985088,0.39010153323622115,1.0270128605956284,0.0,1.178484759826922,3
78c09af9,gd,1.0,[64],0,tanh,50890,95.95716198125837,99.17997121531613,120.66666666666667,80.24691358024693,98.08558558558559,97.92284866468843,95.30201342281879,95.42483660130718,96.1187214611872,80.24691358024693,96.73423423423424,96.37912673056444,0.0,94.29530201342281,0.1159337889939063,0.076030503006327,28.88482877451991,5.657500857970175,0.3901015332362324,0.5934718100890279,1.1624502064220612,1.4975737565215235,0.7128993148856678,5.657500857970175,0.1950507666181162,1.29119868508862,0.0,2.01342281879195,3
71b2ad5d,gd,0.1,"[128, 64, 32]",0,tanh,111146,95.93038821954485,99.45108277270141,295.3333333333333,77.1604938271605,97.52252252252252,97.92284866468843,94.85458612975391,95.64270152505446,96.1187214611872,77.1604938271605,97.07207207207209,96.59211927582534,0.0,94.8545861297539,0.2283630804448725,0.05152727622700042,8.082903768654765,2.1383343303319466,0.8502065805485023,0.29673590504451397,0.6985456374047403,1.3207359099109093,0.790890779711809,2.1383343303319466,0.1950507666181193,1.12200785440392,0.0,1.0251847192294958,3
e9d98961,momentum,0.3,[64],0,tanh,50890,95.93038821954485,99.22348294674833,58.0,76.5432098765432,97.86036036036036,97.92284866468843,95.30201342281879,95.53376906318083,95.89041095890411,76.5432098765432,97.29729729729729,96.59211927582534,0.0,94.29530201342283,0.32212073401649244,0.08999785560630544,7.211102550927978,4.276668660663887,0.7802030664724608,0.8902077151335313,1.3422818791946334,1.4736110303342844,0.9060792161180116,4.276668660663887,0.33783783783783683,1.759607203605785,0.0,1.1624502064220694,3
e16cea33,adam,0.003,[64],0,tanh,50890,95.90361445783132,99.5581885731499,57.333333333333336,79.62962962962963,98.31081081081079,98.51632047477744,94.7427293064877,95.09803921568628,95.31963470319636,79.62962962962963,97.52252252252252,96.05963791267305,0.0,94.29530201342281,0.24428765181920747,0.046014416055383596,13.012814197295423,1.8518518518518476,0.6756756756756772,0.890207715133533,1.2704492943624763,1.1320593513522137,0.8618532460354688,1.8518518518518476,0.5160558215040286,2.3112390217476744,0.0,1.7436753096331028,3
d1737b79,momentum,0.1,[64],0,tanh,50890,95.90361445783132,99.15319476520399,105.66666666666667,79.62962962962963,98.31081081081079,97.92284866468843,94.96644295302013,95.31590413943354,96.1187214611872,79.62962962962963,97.40990990990991,95.9531416400426,0.0,93.95973154362416,0.18403918453637985,0.10547211069778327,23.115651263447745,3.7037037037037095,0.6756756756756772,0.7850894098114579,1.1624502064220694,1.3207359099109093,1.2027002000973417,3.7037037037037095,0.5160558215040333,1.9257871480324966,0.0,1.2099165353906005,3
df5387cd,momentum,0.03,[64],0,tanh,50890,95.87684069611778,98.98584195200321,212.0,77.77777777777779,98.31081081081082,97.82393669634025,94.96644295302013,95.42483660130718,95.77625570776256,77.77777777777779,96.95945945945947,96.37912673056444,0.0,94.40715883668902,0.09274703119512381,0.07028818154433683,18.0,3.703703703703706,0.893834902386678,0.6852822186227105,1.4627177662888113,1.1320593513522106,1.5442636139804526,3.703703703703706,0.3378378378378386,1.29119868508862,0.0,1.9081344641199123,3
074d2169,gd,0.1,[128],0,tanh,101770,95.83668005354752,98.54403052515313,300.0,78.39506172839506,97.97297297297297,97.92284866468843,94.29530201342281,95.42483660130718,96.57534246575342,78.39506172839506,97.07207207207209,96.05963791267305,0.0,94.29530201342281,0.3621887351665002,0.010041168792039201,0.0,2.828750428985086,0.3378378378378386,0.8902077151335313,0.33557046979865035,1.4975737565215235,0.906079216118015,2.828750428985086,0.39010153323623553,1.440654873106354,0.0,2.419833070781198,3
4bb26726,gd,0.1,"[256, 128]",0,tanh,235146,95.82329317269075,99.11637714629983,300.0,76.5432098765432,97.86036036036036,98.12067260138478,95.63758389261744,94.98910675381264,95.77625570776256,76.5432098765432,96.62162162162163,96.16613418530352,0.0,94.63087248322147,0.040160642570276295,0.08219050880481972,0.0,1.0691671651659733,0.5160558215040325,0.45327158209257357,0.581225103211026,1.8582485957769075,0.790890779711809,1.0691671651659733,0.5851522998543518,1.6905759176131645,0.0,2.0411954799658467,3
b2be0c88,gd,0.3,[64],0,tanh,50890,95.64926372155287,99.01931251464337,210.66666666666666,79.62962962962963,97.63513513513514,97.72502472799208,94.7427293064877,95.42483660130718,95.31963470319634,79.62962962962963,96.73423423423424,96.16613418530352,0.0,94.07158836689037,0.12909840376161824,0.12063340556910157,20.033305601755625,1.8518518518518476,0.3378378378378297,0.6177050443519739,0.9687085053517183,1.1320593513522106,1.6184300089906165,1.8518518518518476,0.1950507666181162,1.15193331484472,0.0,1.513171057994264,3
637d1655,gd,0.1,[256],0,tanh,203530,95.58232931726907,98.45700706228871,300.0,78.39506172839508,97.74774774774774,97.92284866468843,94.29530201342281,95.64270152505446,95.89041095890411,78.39506172839508,96.84684684684686,95.52715654952078,0.0,93.6241610738255,0.17505618247150784,0.1010788825554169,0.0,1.0691671651659733,0.8502065805485048,0.8902077151335313,0.33557046979865035,1.5443841915858194,0.9060792161180116,1.0691671651659733,0.3901015332362324,1.2779552715654976,0.0,2.041195479965847,3
f4770891,momentum,0.3,[256],0,tanh,203530,95.50200803212851,98.02188974796667,121.33333333333333,27.777777777777782,98.1981981981982,97.92284866468843,96.08501118568232,96.2962962962963,96.91780821917808,27.777777777777782,97.86036036036036,96.80511182108626,0.0,95.8612975391499,1.2907757975894099,1.211740692044035,13.576941236277536,48.112522432468815,0.7802030664724608,0.51396166396703,0.19374170107035021,1.5094124684696035,0.6849315068493134,48.112522432468815,0.5160558215040286,0.8452879588065897,0.0,1.9662635157994346,3
df3ff740,gd,0.1,[64],0,tanh,50890,95.47523427041499,98.53398935636108,300.0,77.1604938271605,97.63513513513514,97.72502472799209,94.29530201342281,95.31590413943354,95.2054794520548,77.1604938271605,96.73423423423424,95.84664536741214,0.0,94.07158836689037,0.1010687340732307,0.10041168792047017,0.0,2.828750428985093,0.3378378378378297,0.7467689846954301,1.2099165353905945,1.544384191585825,1.5693752379985746,2.828750428985093,0.39010153323623553,1.2779552715654887,0.0,1.5858441698834345,3
