,tipo,min,p1,p50,p99,max,media,desvio,asimetria,unicos
timestamp,entera,1.7e+09,1.70035e+09,1.71568e+09,1.7312e+09,1.73153e+09,1.71578e+09,9.16246e+06,0.0116597,7499
amount_usd,continua,1,1,63.49,858.047,2000,109.071,157.747,4.53479,6020
quantity_purchased,entera,1,1,5,22,24,5.85547,4.1398,1.80825,24
session_duration_seconds,continua,5,10,287,571.801,726.8,280.189,135.958,-0.0654432,3919
days_since_last_purchase,continua,0,0.0899,8.59,67.1203,142.32,13.7031,14.9268,2.12774,3130
account_age_days,entera,1,19,1633.5,3615,3649,1664.8,1122.78,0.101749,3129
device_screen_resolution,entera,1.00673e+06,1.01559e+06,2.07316e+06,8.30252e+06,8.31094e+06,3.17569e+06,2.682e+06,1.12111,7209
time_since_last_login_s,continua,10,38.695,2477.7,15977.1,40160.8,3589.36,3565.24,2.05632,7125
items_viewed_before_purchase,entera,1,1,8,27,29,8.61293,5.39687,1.03924,29
big_model_fraud_probability,continua,0.000897,0.0136419,0.357341,0.999996,1,0.422785,0.302472,0.491397,7356
flagged_fraud,binaria,0,0,0,1,1,0.115867,0.320086,2.40083,2
