digit,n,recall_before,recall_after,contribution
0,245,99.31972789115645,99.42857142857143,0.010679482045122568
1,283,99.64664310954063,99.92932862190813,0.032038446135362664
2,258,97.80361757105943,98.60465116279069,0.08276598584968509
3,252,99.47089947089948,99.52380952380952,0.005339741022558714
4,245,98.77551020408163,98.53061224489797,-0.024028834601520548
5,223,95.36621823617338,96.05381165919283,0.0614070217594463
6,239,98.18688981868897,98.66108786610879,0.04538779869176478
7,257,98.31387808041505,98.44357976653697,0.013349352556400967
8,243,0.0,95.1440329218107,9.259110933119743
9,252,96.82539682539682,98.41269841269839,0.16019223067681018
