hash,n,n_ok,n_diverged,train.loss_mean,train.loss_std,train.loss_min,train.loss_max,train.mse_mean,train.mse_std,train.mse_min,train.mse_max,train.mae_mean,train.mae_std,train.mae_min,train.mae_max,train.rmse_mean,train.rmse_std,train.rmse_min,train.rmse_max,val.loss_mean,val.loss_std,val.loss_min,val.loss_max,val.mse_mean,val.mse_std,val.mse_min,val.mse_max,val.mae_mean,val.mae_std,val.mae_min,val.mae_max,val.rmse_mean,val.rmse_std,val.rmse_min,val.rmse_max,best_epoch_mean,best_epoch_std,best_epoch_min,best_epoch_max,epochs_trained_mean,epochs_trained_std,epochs_trained_min,epochs_trained_max,time_total_s_mean,time_total_s_std,time_total_s_min,time_total_s_max,s_per_epoch_mean,s_per_epoch_std,s_per_epoch_min,s_per_epoch_max,n_params_mean,n_params_std,n_params_min,n_params_max
0650e398,1,1,0,0.010939773220620048,,0.010939773220620048,0.010939773220620048,0.010939773220620048,,0.010939773220620048,0.010939773220620048,0.07611054356511604,,0.07611054356511604,0.07611054356511604,0.10459337082540197,,0.10459337082540197,0.10459337082540197,,,,,,,,,,,,,,,,,53.0,,53,53,53.0,,53,53,0.5018470330032869,,0.5018470330032869,0.5018470330032869,0.009468811943458244,,0.009468811943458244,0.009468811943458244,10.0,,10,10
4a12355b,5,5,0,0.010896324384770801,0.00010895448904143058,0.010759876398181573,0.011031680376868858,0.010896324384770801,0.00010895448904143058,0.010759876398181573,0.011031680376868858,0.07617677491190923,0.0008975325411728939,0.07485500142971978,0.07729779452200368,0.1043844167906581,0.000521914797856014,0.10372982405355546,0.10503180650102548,0.010799615522379347,0.0003322576061573241,0.010429324332470066,0.01127492274032772,0.010799615522379347,0.0003322576061573241,0.010429324332470066,0.01127492274032772,0.07586463982496784,0.0018793181690540438,0.07426179944906328,0.07898448098007232,0.10391141196431455,0.0015945163694101045,0.10212406343497142,0.10618343910576508,42.6,16.14930339054908,25,57,72.6,16.14930339054908,55,87,0.6866922059984063,0.28251767762219665,0.41951237799366936,1.0161258169973735,0.009191038763687449,0.0021292598567493578,0.0076274977817030794,0.011679607091923833,10.0,0.0,10,10
4b047c01,5,5,0,0.011042460907504109,0.00017135747794291243,0.010842695589858268,0.011298910508395132,0.011042460907504109,0.00017135747794291243,0.010842695589858268,0.011298910508395132,0.07676885857698397,0.00047292119955905093,0.07621192589051642,0.07750380235150635,0.10508059192565736,0.0008140239996348378,0.10412826508618238,0.1062963334663766,0.010969925870018065,0.0006301305330724338,0.010056359841836945,0.01174313545707613,0.010969925870018065,0.0006301305330724338,0.010056359841836945,0.01174313545707613,0.07655746916611304,0.0010726872814568946,0.07517601663038256,0.07753467358408148,0.10470249674278702,0.003023459493018806,0.10028140327018238,0.10836574854203763,34.4,10.85357084097211,19,45,64.4,10.853570840972107,49,75,1.2759589047986082,0.19998350360691713,0.9918765999973402,1.514602773997467,0.019862014001142642,0.0008024511572033888,0.018427355465724785,0.02025239843286143,10.0,0.0,10,10
6a376ef4,1,1,0,0.01104257943842618,,0.01104257943842618,0.01104257943842618,0.01104257943842618,,0.01104257943842618,0.01104257943842618,0.0767172164890712,,0.0767172164890712,0.0767172164890712,0.10508367826844557,,0.10508367826844557,0.10508367826844557,,,,,,,,,,,,,,,,,32.0,,32,32,32.0,,32,32,0.3022380949987564,,0.3022380949987564,0.3022380949987564,0.009444940468711138,,0.009444940468711138,0.009444940468711138,10.0,,10,10
8a729295,5,5,0,0.01107944822617819,0.00023450067809627039,0.010753917923627392,0.01140096403302063,0.01107944822617819,0.00023450067809627039,0.010753917923627392,0.01140096403302063,0.0767960844542028,0.000605686778925409,0.07613877222479785,0.07764549318174563,0.10525423997397425,0.0011142226433893325,0.10370109895091464,0.10677529692312089,0.011030824917330245,0.0009292876071282564,0.009708050856067822,0.012273173328562953,0.011030824917330245,0.0009292876071282564,0.009708050856067822,0.012273173328562953,0.07664699614127388,0.0023014242939826523,0.07353466320343317,0.07990463136099028,0.1049525167296732,0.004443274332897309,0.09852944156985678,0.11078435507129585,18.0,9.617692030835672,7,28,48.0,9.617692030835673,37,58,0.745162392599741,0.2829045652291068,0.42870794799819123,1.1828148830027203,0.016003018439513742,0.005973832079977257,0.007655499071396272,0.020393360051771038,10.0,0.0,10,10
8ebf1d3e,1,1,0,0.011054810614861904,,0.011054810614861904,0.011054810614861904,0.011054810614861904,,0.011054810614861904,0.011054810614861904,0.07677868973718617,,0.07677868973718617,0.07677868973718617,0.10514185947976146,,0.10514185947976146,0.10514185947976146,,,,,,,,,,,,,,,,,37.0,,37,37,37.0,,37,37,0.9266532870024093,,0.9266532870024093,0.9266532870024093,0.02504468343249755,,0.02504468343249755,0.02504468343249755,10.0,,10,10
a52aaa58,1,1,0,0.010934904491858157,,0.010934904491858157,0.010934904491858157,0.010934904491858157,,0.010934904491858157,0.010934904491858157,0.07700401418084261,,0.07700401418084261,0.07700401418084261,0.10457009367815522,,0.10457009367815522,0.10457009367815522,,,,,,,,,,,,,,,,,31.0,,31,31,31.0,,31,31,0.2938268860016251,,0.2938268860016251,0.2938268860016251,0.009478286645213713,,0.009478286645213713,0.009478286645213713,10.0,,10,10
be793250,5,5,0,0.01099427281146656,0.00011151168570301326,0.010864889610203666,0.011112599262165975,0.01099427281146656,0.00011151168570301326,0.010864889610203666,0.011112599262165975,0.0764451281090678,0.0005911170106893631,0.07579795654842116,0.07718331013482845,0.10485249793466304,0.0005320812062565611,0.10423478119228564,0.1054163140228588,0.010952975256237226,0.00046503704990292637,0.010534422704615628,0.011586614113305487,0.010952975256237226,0.00046503704990292637,0.010534422704615628,0.011586614113305487,0.07632512255492599,0.0015223115909864596,0.07474970993718835,0.07836104871157044,0.10463772967330734,0.0022138160077916197,0.102637335821891,0.10764113578602506,36.0,21.61018278497431,9,69,66.0,21.61018278497431,39,99,0.7549933736008825,0.48276566662199777,0.29882319300668314,1.3978713400065317,0.010939288382301213,0.0054722478770514,0.007626586934345484,0.020259004927630893,10.0,0.0,10,10
d3b3e70e,1,1,0,0.011062539474389574,,0.011062539474389574,0.011062539474389574,0.011062539474389574,,0.011062539474389574,0.011062539474389574,0.07676549539671915,,0.07676549539671915,0.07676549539671915,0.10517860749406019,,0.10517860749406019,0.10517860749406019,,,,,,,,,,,,,,,,,20.0,,20,20,20.0,,20,20,0.49883021900313906,,0.49883021900313906,0.49883021900313906,0.024941510950156953,,0.024941510950156953,0.024941510950156953,10.0,,10,10
d48ba74d,5,5,0,0.010917137299733684,0.00010837393395214814,0.010794762957368791,0.011054319469141002,0.010917137299733684,0.00010837393395214814,0.010794762957368791,0.011054319469141002,0.07647254368262987,0.00045091236491949315,0.07607920227373734,0.07717674761093478,0.10448407593283679,0.0005186234121227634,0.10389784866573894,0.10513952382021235,0.010844550334530818,0.00042278797695446274,0.010223208818006296,0.011266300821595326,0.010844550334530818,0.00042278797695446274,0.010223208818006296,0.011266300821595326,0.07633781451127664,0.0009303775391021506,0.07487624465593215,0.07727176253925297,0.10412121240161883,0.002038216913075745,0.10110988486793117,0.10614283217248033,35.8,16.39207125411551,21,59,65.8,16.39207125411551,51,89,0.6748678709991509,0.2645384541035459,0.38887015199725283,1.0494097439950565,0.010696230765041548,0.005439258371614663,0.007623518235949417,0.02018095661528955,10.0,0.0,10,10
